Model|Prompt|Answer|Perplexity|N. Token|Time
finetuned|Qual è il principale sistema HPC di livello Tier-0 attualmente ospitato da CINECA?|Qual è il principale sistema HPC di livello Tier-0 attualmente ospitato da CINECA? Ciao, come potete leggere nel nostro sito, CINECA è uno dei principali centri di calcolo HPC in Europa e ospita diversi sistemi di calcolo di livello Tier-0, che sono i più potenti e scalabili. Il principale sistema di calcolo HPC di livello Tier-0 ospitato da CINECA è Marconi100, che è stato installato nel 2019 e che è stato progettato e costruito da CINECA,|3.6607518196105957|108|317.1509985923767
finetuned|In quale città italiana si trova il supercomputer LEONARDO?|In quale città italiana si trova il supercomputer LEONARDO? In quale città italiana si trova il supercomputer LEONARDO? Leonardo è il nuovo supercomputer italiano che è stato messo in produzione nel 2019, e si trova a Bologna, all’interno dell’Istituto di Scienza e Tecnologie dell’Informazione del CNR. Leonardo è stato costruito con un budget di 23 milioni di euro, e ha una potenza di calcolo di 8,5 petaflop. Il suo nome è stato scelto in onore del pittore, scultore e ingegnere italiano, Leonardo da Vinci, che è stato un pioniere dell’innovazione e della tecnologia. Leonardo è stato progettato per soddisfare le esigenze di calcolo di diversi campi di ricerca, tra cui la fisica, la biologia, la chimica|2.259058952331543|185|5.299527645111084
finetuned|Qual è il primo step per entrare nei cluster HPC di CINECA?|Qual è il primo step per entrare nei cluster HPC di CINECA? Per entrare nei cluster HPC di CINECA, devi seguire i seguenti passaggi: 1. Crea un account: se non hai già un account, puoi registrarti sul sito web di CINECA. 2. Crea un profilo: una volta registrato, puoi creare un profilo che ti consente di accedere ai cluster. 3. Familiarizzati con le policy: leggi le policy di CINECA per capire le regole che devi rispettare per l'utilizzo dei cluster. 4. Familiar|2.5189764499664307|125|3.5490670204162598
finetuned|A cosa serve il comando $HOME sui sistemi HPC di CINECA?|A cosa serve il comando $HOME sui sistemi HPC di CINECA? Il comando $HOME è un variabile d'ambiente che punta al path del proprio home directory, ovvero il path dove è definito il proprio profilo utente. In un sistema HPC, come quelli di CINECA, $HOME è usato per indicare dove sono memorizzati i dati personali di ogni utente. Ad esempio, se un utente ha la sua area personale in /gpfs/user/utente, allora $HOME punterà a /gpfs/user/utente/utente. Questo path è usato per caricare i job, per|3.6322250366210938|129|3.668905258178711
finetuned|Se ho problemi o domande, quale è l'indirizzo di riferimento dell'Help Desk di CINECA?|Se ho problemi o domande, quale è l'indirizzo di riferimento dell'Help Desk di CINECA? The CINECA Help Desk is available for all users of the Marconi100 and Marconi1000 clusters, as well as for users of other HPC systems and services. The Help Desk is the first point of contact for users who need support for the use of the systems, software and services. The address of the CINECA Help Desk is: helpdesk@cineca.it. For further information you can also refer to the CINECA Support page: http://www.hpc.cineca.it/content/support. The Help Desk|3.493577003479004|109|3.0937986373901367
finetuned|Con quale comando tengo d'occhio il budget delle ore sull'HPC CINECA?|Con quale comando tengo d'occhio il budget delle ore sull'HPC CINECA? I would like to know how to monitor the budget of hours on the HPC CINECA cluster. Can you tell me what command I can use to do that? I would like to know how many hours I have left in my budget, so I can plan my jobs accordingly. I have a project on Marconi, the cluster of CINECA, and I need to know how many hours I have left to run my jobs. Please let me know the command I can use to see the budget of hours. Thank you. Marconi is the cluster of CINECA, an Italian supercomputing center. I am working on a project there and I need to keep track of my budget of hours. I am using the Slurm scheduler on the cluster. I would like to know how to use a command|3.787928342819214|164|4.666347980499268
finetuned|Quali app posso usare per il 2FA in CINECA?|Quali app posso usare per il 2FA in CINECA? Ciao, in questo thread ti elencherò alcune delle app più comuni per il 2FA che sono supportate da CINECA. A presto, Simona. 1. Google Authenticator: l'app di rete è la più usata e supportata da CINECA. Per installarla scarica l'applicazione da Google Play Store (per gli utenti Android) o da App Store (per gli utenti iOS). 2. Microsoft Authenticator: l'applicazione è disponibile|4.053256988525391|110|3.124427318572998
finetuned|Come funziona l'accesso vis SSH su CINECA?|Come funziona l'accesso vis SSH su CINECA? To access the HPC clusters at CINECA via SSH, you need to follow these steps: 1. Connect to the HPC cluster: The first step is to connect to the HPC cluster using the SSH protocol. You can use any SSH client (e.g., PuTTY on Windows, OpenSSH on Linux/Mac) to connect to the cluster. The cluster name is: ssh.hpc.cineca.it 2. Authenticate: The first time you connect to the cluster, you will be asked to authenticate. You can use your username and password, or you can use a certificate (if|3.0915727615356445|122|3.4622857570648193
finetuned|Posso definire una password che ha meno di 10 caratteri per creare un account nell'HPC di CINECA?|Posso definire una password che ha meno di 10 caratteri per creare un account nell'HPC di CINECA? In genere, per la sicurezza, si raccomanda di utilizzare password più lunghi e complesse, che contengono almeno 10 caratteri, di cui alcuni sono anche speciali (ad esempio,!, @, #, ecc.). Per quanto riguarda l'HPC di CINECA, è previsto che le password siano almeno 8 caratteri, ma non è richiesto di utilizzare almeno 10 caratteri. Ad ogni modo, è sempre meglio utilizzare password più lunghi e complesse per aumentare la sicurezza. Saluti, Simona. - Simona, 22/04/2016 - 14:39:35, 0.000000000000000000000000000000000000000000|3.7344462871551514|171|4.867495536804199
finetuned|Per quanti mesi ha validità la mia password creata per l'HPC di CINECA?|Per quanti mesi ha validità la mia password creata per l'HPC di CINECA? I have created a password for my HPC account at CINECA. How many months is it valid for? The password is valid for 6 months, after which it will expire. After the expiration date, you will be asked to change it. Please keep in mind that you will receive an email with the new password expiration date. If you have not received the email or you are experiencing problems, please contact the HPC support. For more information about password policies and best practices, please refer to the CINECA HPC user guide. For further information on the password expiration policy, please contact the HPC support. You can find more information about the password policy on the CINECA HPC website. If you have any other questions, please let me know. I hope this information is helpful. If you need further assistance, please feel free to ask. Thank you. I hope you have a nice day|3.3492391109466553|185|5.263291597366333
finetuned|Ho terminato il mio budget. Per quanto tempo sarà tenuto in vita il mio user name su CINECA?|Ho terminato il mio budget. Per quanto tempo sarà tenuto in vita il mio user name su CINECA? The budget will be automatically extended for a period of 1 month from the date of the last payment. After this period, the budget will be closed and the username will be deleted. The username can be reactivated by opening a new budget with a new expiration date. If you need more time to complete your work, you can ask for an extension by sending an email to the CINECA support team. Please note that the username will be deleted and it will be necessary to create a new one. The budget will be automatically extended for a period of 1 month from the date of the last payment. After this period, the budget will be closed and the username will be deleted. The username can be reactivated by opening a new budget with|3.547377824783325|150|4.254673719406128
finetuned|In Leonardo, una GPU viene trattata come quanti core in termini di contabilità?|In Leonardo, una GPU viene trattata come quanti core in termini di contabilità? Nella GPU è possibile utilizzare tutti i core per fare delle operazioni parallele. A questo proposito, è vero che la GPU può essere vista come un grande numero di core, ma non è corretto dire che sia trattata come tanti core in termini di contabilità. In effetti, la GPU è un'unità di elaborazione separata che è stata progettata per fare delle operazioni di calcolo molto veloci. A differenza dei core, che sono delle unità di elaborazione che sono state progettate per fare delle operazioni di calcolo su dati di tipo numerico, la GPU è stata|4.435725212097168|135|3.8165171146392822
finetuned|Dopo la fine del progetto, per quanto tempo i miei file vengono conservati dentro $WORK sull'HPC CINECA?|Dopo la fine del progetto, per quanto tempo i miei file vengono conservati dentro $WORK sull'HPC CINECA? I file vengono conservati per 60 giorni. Dopo questo periodo di tempo, vengono cancellati. Saluti, Simone, HPC CINECA. Simone, HPC CINECA. Simone, HPC CINECA. Simone, HPC CINECA. Simone, HPC CINECA. Simone, HPC CINECA. Simone, HPC CINECA. Simone, HPC CINECA. Simone, HPC CINECA. Simone, HPC CINECA. Simone, HPC CINECA. Simone, HPC CINECA. Simone, HPC CINECA. Simone, HPC CINECA. Simone, HPC CINECA. Simone, HPC CINECA. Simone, HPC CINECA. Simone, HPC CINECA. Simone, HPC CINECA. Simone,|2.097644805908203|182|5.15719199180603
finetuned|Per conservare dati critici e non grandi che voglio essere certo di preservare sull'HPC di CINECA, conviene usare $HOME o $WORK?|Per conservare dati critici e non grandi che voglio essere certo di preservare sull'HPC di CINECA, conviene usare $HOME o $WORK? Per conservare dati critici e non grandi che voglio essere certo di preservare sull'HPC di CINECA, conviene usare $HOME o $WORK? Perché? $HOME è il percorso dove sono salvati i dati dei miei login, mentre $WORK è il percorso dove i dati sono creati durante la run. Inoltre mi dice la documentazione che $WORK è un filesystem temporaneo che può essere cancellato in qualsiasi momento. Per cui mi chiedo: se i dati sono nella $WORK, mi rischio di perderli? Se invece li metto nella $HOME, mi rischio di occupare spazio di login? Per cui ho queste domande: 1) Perché $WORK è un filesystem temporaneo? 2) Chi cancella $WORK? 3) Se metto i dati nella $WORK, mi|4.19802188873291|190|5.383209705352783
finetuned|Quale comando uso per avere una lista di moduli disponibili sull'HPC di CINECA?|Quale comando uso per avere una lista di moduli disponibili sull'HPC di CINECA? You can use the following command to get a list of available modules on the HPC of CINECA (Marconi and Galileo clusters): ``` module avail ``` or ``` module help module list ``` All these commands will give you a list of available modules. You can use the following command to get a list of modules that are loaded by default: ``` module load /cineca/ug/ default ``` This command will give you a list of modules that are loaded by default on the cluster. You can also use the following command to get a list of modules that are compatible with the current architecture (x86_64): ``` module show profile/mpi/openmpi-x86_64 ``` This command will give you a list of modules that are compatible with the current architecture|3.1998448371887207|169|4.786485910415649
finetuned|Come controllo se un modulo è disponibile su spack nell'HPC di CINECA?|Come controllo se un modulo è disponibile su spack nell'HPC di CINECA? =====================================================  Per verificare se un modulo è disponibile su spack nell'HPC di CINECA, puoi seguire questi passaggi:  1. Accedi all'interfaccia di login dell'HPC di CINECA: https://login.hpc.cineca.it 2. Una volta che ti trovi nella shell, digita il comando: `spack help modules` e premisci Invio. Questo comando ti darà una lista dei moduli disponibili su spack. Se il modulo che stai cercando non è nella lista, puoi provare a digitare il comando: `spack help search` e poi il nome del modulo che stai cercando. Questo comando ti darà una lista di tutti i moduli che contengono il nome che hai digitato. 3. Se non trovi il modulo che stai cercando nella lista|2.8409245014190674|188|5.323598623275757
finetuned|Quale è il modulo Python principale di cineca-ai?|Quale è il modulo Python principale di cineca-ai? Ciao, il modulo principale di cineca-ai è il modulo `cineca_ai`. Questo modulo contiene tutte le funzionalità di base del sistema di intelligenza artificiale e include molte delle classi e funzioni che sono state implementate per il progetto. A presto, Simona. Il modulo è stato progettato per essere estremamente flessibile e per consentire di creare un'ampia gamma di modelli di intelligenza artificiale, quindi se non sei sicuro su dove trovare una particolare classe o funzione, pu|3.619523048400879|127|3.6094014644622803
finetuned|C'è un limite di tempo per i comandi nei login node sull'HPC di CINECA?|C'è un limite di tempo per i comandi nei login node sull'HPC di CINECA? Yes, there are time limits for commands on login nodes of CINECA's HPC clusters. In fact, the login nodes are designed to be used for short-term tasks, such as submitting jobs, transferring files, or checking the status of your jobs. They are not intended for running long-running jobs or simulations. In particular, the login nodes have a 30-minute time limit for running commands. If you need to run a job that takes longer than 30 minutes, you should submit a job script to the cluster scheduler (e.g., Slurm on Marconi100) instead of running the job directly on the login node. Additionally, you should be aware that login nodes are shared resources and are used by many users. Therefore|3.1339752674102783|148|4.218562602996826
finetuned|Con quale comando di SLURM posso fare il submit di un job sull'HPC di CINECA?|Con quale comando di SLURM posso fare il submit di un job sull'HPC di CINECA? The command to submit a job to a Slurm cluster is sbatch. For example, if you have a script called myscript.sh, you can submit it to the queue using the following command: ``` sbatch myscript.sh ``` This will submit the job to the default partition and queue. You can specify additional options and parameters to customize the job submission. For example, you can specify the number of nodes, the number of tasks, the walltime, and the memory required, as follows: ``` sbatch -n 4 -t 2:00:00 -|3.0251593589782715|120|3.4228639602661133
finetuned|Come vedo la lista dei job in coda su SLURM sull'HPC di CINECA?|Come vedo la lista dei job in coda su SLURM sull'HPC di CINECA? Grazie mille per la domanda. Ciao, Simona Per visualizzare la lista dei job in coda su SLURM sull'HPC di CINECA, puoi usare il comando `squeue` (squeue è l'interfaccia utente per la visualizzazione di job e coda in SLURM). Ad esempio, puoi usare il seguente comando: `squeue -u $USER` Ciao, Simona (CINECA) https://www.hpc.cineca.it/ https://|4.224043369293213|119|3.383819103240967
finetuned|Come mi iscrivo alla mailing list HPC-news di CINECA?|"Come mi iscrivo alla mailing list HPC-news di CINECA? In order to subscribe to the HPC-news mailing list of CINECA, you can follow these steps: 1. Go to the CINECA mailing lists page: https://www.hpc.cineca.it/services/mailinglists 2. Click on the ""Subscribe"" button of the HPC-news mailing list: https://www.hpc.cineca.it/services/mailinglists/hpc-news 3. Fill in the subscription form: you will need to enter your name, email address, and a short message (optional). 4. Click on the ""Subscribe"" button: you will receive a confirmation email. You will need to reply to this email to complete the subscription process. Alternatively, you can subscribe to the mailing list by sending an email with the following command to the mailing list address: https://www.hpc.cineca.it/services/mailing"|2.117811918258667|174|4.954188108444214
finetuned|Quanti nodi sono disponibilii in GALILEO100 di CINECA?|Quanti nodi sono disponibilii in GALILEO100 di CINECA? A total of 128 nodes are available in the GALILEO100 cluster of CINECA. This is a supercomputing cluster that is used by researchers to perform high-performance computing tasks, such as simulations, data analysis, and machine learning. The GALILEO100 cluster is one of the most powerful in Europe, with a total processing power of 1.2 petaflops (1,200,000 billion calculations per second). The cluster is made up of different types of nodes, each with its own specific hardware and software configuration. The most common|3.7280783653259277|114|3.2396106719970703
finetuned|Cosa faccio se ho finito il budget ma il mio progetto è ancora attivo sull'HPC di CINECA?|Cosa faccio se ho finito il budget ma il mio progetto è ancora attivo sull'HPC di CINECA? In caso di consumazione del budget, ma l’attività è ancora attiva sull’HPC di CINECA, è possibile richiedere un’ulteriore quota di budget. Cosa fare? Cosa chiedere? Cosa occorre? Ciao, Simona, Simona, Simona, Simona, Simona, Simona, Simona, Simona, Simona, Simona, Simona, Simona, Simona, Simona, Simona, Simona, Simona, Simona, Simona, Simona, Simona, Simona, Simona, Simona, Simona, Simona, Simona, Simona, Simona, Simona, Simona, Simona, Simona, Simona, Simona|2.275300979614258|163|4.6190714836120605
finetuned|Come cambio la mia password sull'HPC di CINECA?|Come cambio la mia password sull'HPC di CINECA? ==============================================  Per cambiare la password sull'HPC di CINECA, devi seguire i seguenti passaggi: 1. Accedi al cluster: 1.1. Apre il terminale e digitare: 1.1.1. ssh 1.1.2. username@hpc.cineca.it 1.1.3. (dove username è il tuo username) 1.2. Apre una sessione ssh e ti trovi sulla macchina. 2. Cambia password: 2.1. Digitare il comando: 2.1.1. passwd 2.1.2. Apre la shell di modifica della password. 2.2.|2.6835107803344727|155|4.38320779800415
finetuned|Che significa che alcune aree di storage sono permanenti, sull'HPC di CINECA?|Che significa che alcune aree di storage sono permanenti, sull'HPC di CINECA? Ciao, le aree di storage su un cluster HPC sono di solito temporanee, ovvero vengono create e cancellate in base alle esigenze delle simulazioni e dei job. Le aree di storage sono state create per permettere alle applicazioni di scrivere e leggere dati durante la fase di calcolo. Una volta terminata la fase di calcolo, le aree di storage vengono cancellate. Questo è per motivi di spazio e di eff|4.434427738189697|105|2.9593214988708496
finetuned|Cosa è l'ambiente $FAST sull'HPC di CINECA?|Cosa è l'ambiente $FAST sull'HPC di CINECA? The $FAST environment is a software framework for parallel and distributed computing, developed by the Eurofusion Consortium. It is designed to provide a flexible and portable way to write parallel applications, using a variety of programming languages and parallel programming models. In the context of the Marconi100 cluster at CINECA, $FAST is used as a tool for developing and running parallel applications. The cluster is a large-scale HPC system, with over 100,000 cores, and $FAST is used to provide a convenient interface for users to run their parallel applications on the cluster. The $FAST environment is based on the Message Passing Interface (MPI) standard, which is a widely-used standard for parallel computing. MPI is a programming model that allows developers to write parallel applications|3.352546215057373|152|4.2948830127716064
finetuned|Come sottometto un interactive job sull'HPC di CINECA?|Come sottometto un interactive job sull'HPC di CINECA? I would like to submit an interactive job on the HPC cluster of CINECA. How can I do it? What are the required files and what is the procedure? How can I monitor the job and get the results? Can I use any specific tools or libraries? How much are the resources I can use? How can I get the help of the cluster administrators? I have some questions about the cluster architecture, how can I get more information? Are there any specific guidelines or rules that I need to follow? Are there any specific software that are not allowed? Are there any specific policy for the data storage? Can I use any specific network? Are there any specific policy for the usage of the cluster? Can I use any specific software for the visualization of the results? Are there any specific guidelines for the data management? Are there any specific policy for|4.365423202514648|172|4.865830659866333
finetuned|Quale parametro del file sbatch regola il walltime di un job sull'HPC di CINECA?|Quale parametro del file sbatch regola il walltime di un job sull'HPC di CINECA? Per regolare il walltime di un job sull'HPC di CINECA, è sufficiente utilizzare la direttiva #SBATCH --time nel file sbatch. Ad esempio, per richiedere 2 ore di walltime, si può utilizzare la seguente direttiva: #SBATCH --time=00:02:00. Questa direttiva indica che il walltime richiesto è di 2 ore e 0 minuti e 0 secondi. Si può anche util|3.0682477951049805|107|3.024282693862915
finetuned|Come si ottengono le risorse HPC sui sistemi HPC di CINECA?|Come si ottengono le risorse HPC sui sistemi HPC di CINECA? Ciao a tutti, in questo post ci occuperemo di come si ottengono le risorse HPC sui sistemi HPC di CINECA, la principale infrastruttura italiana per il calcolo a prestazioni elevate. Ciao a tutti, in questo post ci occuperemo di come si ottengono le risorse HPC sui sistemi HPC di CINECA, la principale infrastruttura italiana per il calcolo a prestazioni elevate. In particolare, ci concentreremo sulle modalità per accedere|2.4990363121032715|113|3.195040225982666
finetuned|Quali sono i cluster disponibili per CINECA?|Quali sono i cluster disponibili per CINECA? CINECA è in grado di offrire i seguenti cluster per l'esecuzione di calcoli su dati di grande dimensione. Ciascuno di questi cluster è caratterizzato da un insieme di caratteristiche hardware e software che sono state selezionate per soddisfare le esigenze di diversi progetti e applicazioni. Ciascun cluster è inoltre associato a un cluster manager che si occupa della sua gestione e manutenzione, in modo da consentire agli utenti di accedere e sottometter|3.4408371448516846|116|3.2757952213287354
finetuned|Qual è la procedura per connettersi al cluster CINECA?|Qual è la procedura per connettersi al cluster CINECA? In order to connect to the CINECA cluster, you need to follow these steps: 1. Access to the cluster: you can connect to the cluster using the command line interface (ssh) by typing the command: ssh username@cineca.it (you can also use a graphical interface by typing the command: ssh -X username@cineca.it) 2. Authentication: you will be asked to enter your username and password (the same one you use for the login to the userdb page). You can also use your certificate for authentication (the certificate is generated by the userdb page). 3. Access to the cluster: you will be connected to the login node of|3.0952932834625244|136|3.8433682918548584
finetuned|Per cosa sta 'SLURM'?|Per cosa sta 'SLURM'? SLURM is a job scheduler that is widely used on Linux clusters. It is designed to manage the execution of jobs on clusters, and provides a number of features to help manage the workload of the cluster, including the ability to run multiple jobs at the same time, manage job dependencies, and provide a number of different scheduling policies. SLURM is an open source project, and is widely used on Linux clusters around the world. It is often used on clusters that are used for high-performance computing, and is particularly well-suited for clusters that are used for tasks such as simulations, data analysis,|3.4051806926727295|121|3.4214444160461426
finetuned|Quale comando locale si usa per vedere l'utilizzo di spazio sul disco sull'HPC di CINECA?|Quale comando locale si usa per vedere l'utilizzo di spazio sul disco sull'HPC di CINECA? Per vedere l'utilizzo di spazio sul disco sull'HPC di CINECA, si può usare il comando: ``` df -h /gpfs/scratch /gpfs/work /gpfs/user ``` Dove: -h indica che si vuole visualizzare la dimensione degli spazi in unità di megabyte, e /gpfs/scratch, /gpfs/work, /gpfs/user sono i path dei filesystems che si vuole monitorare. Altre opzioni che possono essere utili sono: -k: per visualizzare la dimensione degli spazi in unità di kibibyte -m: per visualizzare la dimensione degli spazi in unità di mebibyte -T: per visualizzare la dimensione degli spazi in unità di teraibyte -P: per visualizzare la dimensione degli spazi in unità di pebibyte -|2.5117363929748535|187|5.291770935058594
finetuned|Chi è il Presidente di CINECA?|Chi è il Presidente di CINECA? Ciao, si chiama prof. Riccardo Giorgi, è un fisico teorico, è il direttore di CINECA, che è un'associazione senza scopo di lucro che si occupa di tecnologia dell'informazione e della comunicazione. Giorgi è stato il direttore di CINECA dal 2003. E' stato anche professore di fisica teorica all'università di Bologna. Ha collaborato con molti scienziati e ricercatori, e ha avuto un ruolo importante nella definizione|3.0606682300567627|124|3.499821662902832
finetuned|Chi è il Direttore Generale di CINECA?|Chi è il Direttore Generale di CINECA? Chi è il Direttore Generale di CINECA? Ciao, a presto. Chi è il Direttore Generale di CINECA? Ciao, a presto. Chi è il Direttore Generale di CINECA? Ciao, a presto. Chi è il Direttore Generale di CINECA? Ciao, a presto. Chi è il Direttore Generale di CINECA? Ciao, a presto. Chi è il Direttore Generale di CINECA? Ciao, a presto. Chi è il Direttore Generale di CINECA? Ciao, a presto. Chi è il Direttore Generale di CINECA? Ciao, a presto. Chi è il Direttore Generale di CINECA? Ciao, a presto. Chi è il Direttore Generale di CINECA? Ciao|1.4224865436553955|195|5.514879465103149
finetuned|In che anno è stato costituito CINECA?|In che anno è stato costituito CINECA? CINECA è stato costituito nel 1988. CINECA è il supercalcolo italiano, con sede a Bologna, e si occupa di sviluppo di tecnologie per il calcolo, la memoria e la comunicazione, nonché di servizi di calcolo per la ricerca scientifica. CINECA è stato istituito nel 1988 come una società a partecipazione pubblica, con lo scopo di creare una infrastruttura di calcolo per la ricerca scientifica e per l'industria. CINECA ha oggi più di 4000 utenti e fornisce servizi di calcolo a migliaia di ricercatori e di aziende. Inoltre, CINECA è anche un importante centro di ricerca e sviluppo di tecnologie per il cal|2.552086591720581|177|5.004967212677002
finetuned|Da quanti anni CINECA porta avanti la sua attività?|Da quanti anni CINECA porta avanti la sua attività? CINECA è stata fondata nel 1988. Da allora, il suo lavoro si è esteso e si è ampliato, passando da un'attività iniziale di calcolo scientifico per la fisica e la chimica a oggi, dove si occupa di sviluppare, implementare e gestire infrastrutture di calcolo, archivi dati, servizi cloud, e di collaborare con le università e le istituzioni per lo sviluppo di progetti di ricerca. CINECA è attualmente la principale infrastruttura di calcolo della Repubblica Italiana, e collabora con istituti di ricerca, università, aziende, e istituzioni internazionali per sviluppare e implementare progetti di ricerca, svil|2.840186595916748|177|5.0063018798828125
finetuned|È obbligatorio utilizzare l'accesso 2FA sull'HPC di CINECA?|È obbligatorio utilizzare l'accesso 2FA sull'HPC di CINECA? Yes, the use of 2FA (Two-Factor Authentication) is mandatory on CINECA HPC systems. All users are required to enable 2FA to access the HPC systems. This is a security policy of CINECA to ensure the integrity and confidentiality of the data stored on the systems and to prevent unauthorized access. For more information on how to enable 2FA on CINECA HPC systems, please refer to the official documentation: https://wiki.u-gov.it/confluence/display/SCAIUS/UG2.0%3A+Access+to+the+Systems#UG2.0:AccesstotheSystems-TwofactorAuthentication%28%|2.26891827583313|142|4.014098882675171
finetuned|Come carico il modulo cineca-ai?|Come carico il modulo cineca-ai? To load the Cineca-AI module you need to have a valid account on the HPC cluster. Once you have an account you can load the module using the following command: module load cineca-ai This will load the module and its dependencies. You can check the version of the module that is loaded using the command: module show cineca-ai This will show you the version of the module that is currently loaded. You can also unload the module using the command: module unload cineca-ai Please note that the module needs to be loaded in the interactive shell and not in a batch script. If you need to use the module in a batch script you need to load it in the script and then submit the script. For example: #!/bin/bash module load cineca-ai #|2.567551851272583|162|4.581697225570679
finetuned|Posso utilizzare il ftp (file transfer protocol) su CINECA?|Posso utilizzare il ftp (file transfer protocol) su CINECA? Ciao, la mia domanda è: Posso utilizzare il File Transfer Protocol (FTP) su CINECA? Mi trovo a dover caricare dei dati su un server di CINECA e mi chiedo se è possibile fare questo mediante FTP. Grazie in anticipo per la risposta. Ciao, Andrea. Andrea, la risposta è: no, non è possibile utilizzare il protocollo FTP su CINECA. CINECA utilizza un protocollo di trasferimento di dati diverso, chiamato GridFTP, che è più sicuro e più adatto per i trasferimenti di dati di grandi dimensioni. Se devi caricare dati su un server di CINECA, puoi utilizzare il protocollo GridFTP. Ciao, Andrea, in caso di necessità di ulteriori informazioni, non esiti a cont|2.8372373580932617|182|5.149569988250732
finetuned|Come sposto dei dati tra due server?|Come sposto dei dati tra due server? Ho due server: server1 e server2. Ho bisogno di trasferire dei dati tra di loro. Puoi indicarmi la procedura da seguire? Grazie in anticipo. Alex Hi Alex, there are several ways to transfer data between two servers. I'll list some of the most common methods below. Please let me know if you need further clarification or if you have any specific requirements (e.g. data volume, speed, security, etc.). 1. File Transfer Protocol (FTP): You can use FTP|3.216355323791504|111|3.1335549354553223
finetuned|Come viene calcolato il costo di un batch job nel sistema di billing aziendale sull'HPC di CINECA?|Come viene calcolato il costo di un batch job nel sistema di billing aziendale sull'HPC di CINECA? How is the cost of a batch job calculated in the corporate billing system on CINECA's HPC system? The cost of a batch job on CINECA's HPC system is calculated based on the total number of nodes (or cores) used by the job and the duration of the job. The cost is then multiplied by a unit price that is defined by the system administrators. The unit price is based on the cost of the computing resources (nodes and cores) and the power consumption of the system. The cost is also influenced by the type of job and the type of nodes used (e.g. CPU, GPU, etc|3.4899890422821045|128|3.6165828704833984
finetuned|Come cambio gli attributi di un job già sottomesso sull'HPC di CINECA?|Come cambio gli attributi di un job già sottomesso sull'HPC di CINECA? How do you change the attributes of a job already submitted on CINECA's HPC? (e.g. change the number of nodes, change the walltime, etc.) GALILEO is the batch system used by CINECA for the management of the High-Performance Computing (HPC) clusters. To change the attributes of a job already submitted on the cluster, you can use the qalter command. This command is used to modify the properties of a job that is already running or in the queue. To use qalter, you need to specify the job ID of the job you want to modify, and the new value for the attribute you want to change. Here are some examples of how to use qalter to change the attributes of a job: qalter -n 16 123456 (change the number of nodes to 16 for job 123|2.9157538414001465|177|5.007546424865723
finetuned|Quali sono i login nodes disponibili su Leonardo?|Quali sono i login nodes disponibili su Leonardo? The following login nodes are available on Leonardo: (Please note that login nodes are subject to change. You should always check the official documentation or ask the system administrators if you are unsure about the login nodes) Leonardo is a cluster of nodes that can be used to perform calculations, data analysis, and other tasks. The login nodes are the starting point for accessing the cluster. Here are the login nodes that are currently available on Leonardo: - login01.leonardo.u-gov.it - login02.leonardo.u-gov.it - login03.leonardo.u-gov.it - login04.leonardo.u-gov.it - login05.leonardo.u-gov.it - login06.leonardo.u-gov.it - login07.leonardo.u-gov.it - login08.leonardo.u-gov.it - login09.leonardo.u-gov.it - login10.leonardo.u-gov.it - login11.leonardo.u-gov.it - login12.le|2.100266218185425|200|5.663664817810059
finetuned|La mia nuova password non viene accettata sull'HPC di CINECA, perché?|La mia nuova password non viene accettata sull'HPC di CINECA, perché? Ho provato a modificare la password dell'HPC di CINECA tramite la pagina di accesso al portale, ma la nuova password che ho scelto non viene accettata. Ho provato a inserire la password corretta ma anche quella non viene accettata. Ho provato a fare il reset della password ma non riesco a ricevere la nuova password. Ho provato a chiedere aiuto ai sistemisti di CINECA, ma non mi rispondono. Cosa posso fare? Ho già provato a fare tutto quello che so. Ciao, Simona Dear Simona, I can try to help you with|3.514970064163208|139|3.9320130348205566
finetuned|Come controllo tutti i miei job attualmente in coda sull'HPC di CINECA?|"Come controllo tutti i miei job attualmente in coda sull'HPC di CINECA? 1. Accedi a Marconi100 (o altra macchina di login) tramite ssh: $ ssh login.cineca.it -X -l login username 2. Una volta loggato, aprire il file di configurazione dei job in coda: $ cd $HOME/.sge; $ vi sge_qe.conf 3. Trova la sezione che inizia con ""queue"" e aggiungi la seguente riga: $ qe -b -l -t -j 1 > joblist.txt 4. Salvare e chiudere il file (e.g. $ :wq) 5. Dopo di che, utilizzare il comando: $ qe -b -l -t -j 1 > joblist.txt (o semplicemente $ qe -b -l -t -j 1) per ottenere la lista dei job in coda"|3.6800901889801025|192|5.433859348297119
finetuned|Leonardo è presente nella lista Top500?|Leonardo è presente nella lista Top500? Yes, Leonardo has been present in the list of the top 500 supercomputers in the world, the TOP500, since 2018. The first time it was ranked 14th in the list, and in the following years it has been ranked around the 20th position. The TOP500 is a list of the 500 most powerful supercomputers in the world, as ranked by the Linpack benchmark, which measures a computer's floating-point performance. Leonardo è stato utilizzato per diversi progetti di ricerca e sviluppo, tra cui: - Simulazioni di flussi di fluidi per la progettazione di nuovi sistemi di produzione - Simulazioni di comportamento di materiali|2.957327365875244|150|4.242974042892456
finetuned|Qual è la policy di backup su $HOME sull'HPC di CINECA?|"Qual è la policy di backup su $HOME sull'HPC di CINECA? The policy for the backup of the $HOME area on HPC is as follows: the $HOME area is not automatically backed up by CINECA. It is the responsibility of the user to keep a copy of their important files. The $HOME area is stored on a network file system that is not backed up. In case of a failure, all data stored in $HOME will be lost. Therefore, it is strongly recommended that users keep a local copy of their important files. You can use external backup solutions, such as cloud storage or local backup systems, to keep a copy of your files. We also recommend to use the ""rsync"" command to periodically copy your important files from $HOME to an external storage. For example: rsync -avz $HOME/ /path/to/external/backup/ This way you can be sure that your important files are always backed up. In case of a failure,"|2.884005546569824|186|5.2703752517700195
finetuned|Dove posso memorizzare i miei risultati se sono pesanti sull'HPC di CINECA?|Dove posso memorizzare i miei risultati se sono pesanti sull'HPC di CINECA? Ciao, dove posso memorizzare i miei risultati se sono pesanti sull'HPC di CINECA? Grazie, Simona Ciao Simona, Ho appena fatto un controllo. CINECA ha diversi sistemi per il storage dei dati, a seconda del tipo di dati e della quantità di dati da memorizzare. In particolare, sono disponibili due tipi di storage: - i filesystem (ad esempio: /gpfs/scratch, /gpfs/work, /gpfs/work2) per i dati che vengono usati durante l'esecuzione di un job. I filesystem sono condivisi tra tutti gli utenti e vengono puliti regolarmente. - i database (ad esempio: MarconiDB, MarconiDB2) per i dati che vengono usati per la produzione di dati scientifici|3.5147223472595215|188|5.321124076843262
finetuned|Che significa lo stato 'PD' nella coda del job sull'HPC di CINECA?|"Che significa lo stato 'PD' nella coda del job sull'HPC di CINECA? =============================================================  Nella pagina ""Coda"" del sistema di job sottomissi all'ambiente HPC di CINECA, è possibile visualizzare i dettagli dei job sottomessi, tra cui lo stato. Uno dei possibili stati è ""PD"", che può generare curiosità. In questo articolo, verrà spiegato cosa significa lo stato ""PD"" in questo contesto.  **PD: Pending Disk Space** -------------------------  Nell'ambiente HPC di CINECA, lo stato ""PD"" è un codice di stato che indica che il job è in attesa di spazio su disco. Questo può accadere per"|4.581075668334961|142|4.012362480163574
finetuned|Se un treno viaggia a 60 km/h, quanto tempo impiega per percorrere 180 km?|Se un treno viaggia a 60 km/h, quanto tempo impiega per percorrere 180 km? La formula che usiamo per calcolare il tempo è: tempo = distanza / velocità t = 180 km / 60 km/h = 3 ore Quindi il treno impiega 3 ore per percorrere 180 km. Se ti chiedono anche il tempo che impiega per percorrere 180 km a una velocità diversa, ad esempio 80 km/h, puoi usare la stessa formula e ottenere: t = 180 km / 80 km/h = 2.25 ore. E se ti chiedono il tempo per percorrere 240 km a 100 km/h, puoi usare la st|2.354508638381958|147|4.1583497524261475
finetuned|Qual è il numero successivo nella serie: 2, 4, 8, 16, ...?|Qual è il numero successivo nella serie: 2, 4, 8, 16,...? La risposta è 32, che è la successiva potenza di 2 nella serie: 2^1, 2^2, 2^3, 2^4,.... La serie è una progressione geometrica con un fattore comune di 2. In generale, il numero successivo nella serie è 2^n dove n è il numero di incremento. In questo caso, n = 4, quindi il numero successivo è 2^(n+1) = 2^5 = 32. Il numero è un esempio di una potenza di 2, che è un numero che può essere espresso come|2.48953914642334|138|3.904819965362549
finetuned|Se ho 3 mele e ne prendo 2, quante mele ho?|Se ho 3 mele e ne prendo 2, quante mele ho? I have 3 apples and I take 2, how many apples do I have? 1. I have 3 apples. 2. I take 2 apples. 3. I have 1 apple. How many apples do I have? 1. I have 1 apple. 1 is the answer. 1 is the number of apples I have. 1 is the correct answer. 1 is the correct answer. 1 is the correct answer. 1 is the correct answer. 1 is the correct answer. 1 is the correct answer. 1 is the correct answer. 1 is the correct answer. 1 is the correct answer. 1 is the correct answer. 1 is the correct answer. 1 is the correct answer. 1 is the correct answer|1.9126096963882446|167|4.720690965652466
finetuned|Quanto fa la metà di due terzi?|"Quanto fa la metà di due terzi? La metà di due terzi è uguale a 1/2 di 2/3. Quindi, la metà di due terzi è 1/3. Perché la metà di due terzi è uguale a 1/3? Perché la metà di due terzi è la stessa cosa che dire ""due terzi di un terzo"". Quindi, se due terzi è 2/3, allora la metà di due terzi è 1"|2.4334356784820557|107|3.016592502593994
finetuned|In un gruppo di 30 persone, 12 sono donne. Quanti sono gli uomini?|In un gruppo di 30 persone, 12 sono donne. Quanti sono gli uomini? There are 30 people in a group. 12 are women. How many men are there? 30 - 12 = 18 There are 18 men. Final Answer: The final answer is 18. I hope it is correct. Let me know if you have any doubts. Thank you. I will close this question. I will close this question. I will close this question. I will close this question. I will close this question. I will close this question. I will close this question. I will close this question. I will close this question. I will close this question. I will close this question. I will close this question. I will close this question. I will close this question. I will close this question. I will close this question. I will close this question. I will close this question. I will close this question. I will close this question. I will close this question|1.6313389539718628|187|5.29269814491272
finetuned|In una stanza ci sono 5 persone. Ognuna stringe la mano a tutte le altre una sola volta. Quante strette di mano ci sono in totale?|In una stanza ci sono 5 persone. Ognuna stringe la mano a tutte le altre una sola volta. Quante strette di mano ci sono in totale? In una stanza ci sono 5 persone. Ognuna stringe la mano a tutte le altre una sola volta. Quante strette di mano ci sono in totale? Ogni persona deve stringere la mano a 4 altre persone. Quindi, la quantità di strette di mano è 5 x 4 = 20. In realtà, ogni stretta di mano è contata due volte (per esempio, la stretta di mano tra A e B è contata anche come la stretta di mano tra B e A), quindi il numero di strette di mano è 20/2 = 10. Un’altra soluzione è quella di considerare che ogni coppia di persone può stringere la mano una sola volta. Quindi,|2.3544111251831055|161|4.556011438369751
finetuned|Un contadino ha 17 pecore e tutte tranne 9 scappano. Quante pecore rimangono?|Un contadino ha 17 pecore e tutte tranne 9 scappano. Quante pecore rimangono? Un contadino ha 17 pecore e tutte tranne 9 scappano. Quante pecore rimangono? Un contadino ha 17 pecore e tutte tranne 9 scappano. Quante pecore rimangono? Un contadino ha 17 pecore e tutte tranne 9 scappano. Quante pecore rimangono? Un contadino ha 17 pecore e tutte tranne 9 scappano. Quante pecore rimangono? Un contadino ha 17 pecore e tutte tranne 9 scappano. Quante pecore rimangono? Un contadino ha 17 pecore e tutte tranne 9 sc|1.5408291816711426|151|4.269151449203491
finetuned|Un albero cresce di 25 cm ogni anno. Quanto sarà alto dopo 4 anni, se oggi è alto 1 metro?|Un albero cresce di 25 cm ogni anno. Quanto sarà alto dopo 4 anni, se oggi è alto 1 metro? Un albero cresce di 25 cm ogni anno. Quanto sarà alto dopo 4 anni, se oggi è alto 1 metro? Oggi è alto 100 cm (1 metro). Dopo 4 anni, l'albero sarà alto 100 + 4 x 25 cm = 100 + 100 cm = 200 cm. Risposta: 200 cm. L'altra risposta è sbagliata perché la domanda chiede quanto sarà alto dopo 4 anni, e non dopo 5. L'albero cresce di 25 cm ogni anno, e l'anno in corso è il 1, il 2, il 3, il 4, quindi dopo 4 anni sarà alto 100 + 4 x 25 cm = 200 cm. Risposta: 200 cm. L'altra risposta è sbagliata perché la domanda chiede quanto sarà alto dopo|2.247696876525879|194|5.493651628494263
finetuned|La madre di Marco ha tre figli: Luca, Matteo e ...?|"La madre di Marco ha tre figli: Luca, Matteo e...? How many children does Marco's mother have? Luca, Matteo, and...? Marco's mother has three children: Luca, Matteo, and Marco. Marco's mother has three children: Luca, Matteo, and... Marco. The question is asking for the name of Marco, Marco's mother's third child. Marco is Marco's mother's third child. So the correct answer is Marco. The sentence is ""La madre di Marco ha tre figli: Luca, Matteo e?"". The? is the name of Marco, Marco's mother's third child. Marco is the answer. The sentence is telling us that Marco is one of Marco's mother's children, and the question is"|2.925089120864868|141|3.9817733764648438
finetuned|Due padri e due figli entrano in un negozio e comprano tre cappelli. Ognuno ne riceve uno. Come è possibile?|Due padri e due figli entrano in un negozio e comprano tre cappelli. Ognuno ne riceve uno. Come è possibile? Two fathers and two sons enter a store and buy three hats. Each one receives one. How is it possible? The answer is that two of the fathers are also the sons. So, there are only two men, and they each receive a hat. The other two are the sons, and they receive the hats as well. So, there are three people, and each one receives a hat. This is a classic lateral thinking puzzle, and it requires you to think outside the box and not just take things at face value. It is a great example of how language and perception can be used to create a puzzle that is both simple and yet, at the same time, very difficult to solve. (|3.2093253135681152|141|3.9854559898376465
finetuned|Immagina che stai correndo in una gara e superi la persona al secondo posto. In che posizione ti trovi ora?|Immagina che stai correndo in una gara e superi la persona al secondo posto. In che posizione ti trovi ora? You are running in a race and you pass the person in second place. What position are you in now? #math #racing #mathproblems You are running in a race and you pass the person in second place. What position are you in now? #math #racing #mathproblems Immagina che stai correndo in una gara e superi la persona al secondo posto. In che posizione ti trovi ora? #matematica #corsa #matematicheproble|2.7261438369750977|106|2.9967825412750244
finetuned|ROMA sta ad AMOR come 6324 sta a...?|ROMA sta ad AMOR come 6324 sta a...? ROMA sta ad AMOR come 6324 sta a...? - 1 - 0.1 1.1 1.2 1.3 1.4 1.5 1.6 1.7 1.8 1.9 1.10 1.11 1.12 1.13 1.14 1.15 1.16 1.17 1.18 1.19 1.20 1.21 1.22 1.23 1|2.953845977783203|116|3.272704839706421
finetuned|Quale dei seguenti scarteresti? Cavallo, Mucca, Gatto, Canguro, Cinghiale|"Quale dei seguenti scarteresti? Cavallo, Mucca, Gatto, Canguro, Cinghiale The correct answer is: Cinghiale Cinghiale is the Italian word for wild boar, which is not typically found in a domestic setting. The other options - Cavallo (horse), Mucca (cow), Gatto (cat), and Canguro (kangaroo) - are all domesticated animals. Cinghiale is a wild animal and would be less likely to be found in a home or farm. The word ""scartere"" is the Italian verb for ""to get rid of"" or ""to remove"", so the sentence is asking which of the following animals you would get rid of. The correct answer is the Cinghiale. https://www.wordreference"|2.7977232933044434|145|4.101466417312622
finetuned|Un ragazzo ha 4 anni e sua sorella è tre volte più grande. Quando lui avrà 12 anni, quanti anni avrà la sorella?|"Un ragazzo ha 4 anni e sua sorella è tre volte più grande. Quando lui avrà 12 anni, quanti anni avrà la sorella? A 4-year-old boy has a sister who is three times older. When he will be 12 years old, how many years will his sister have? In order to solve this problem, we can start by calculating the age of the sister at the moment the boy is 4 years old. Let's call the age of the sister ""x"". Then, we know that x = 4 * 3 = 12. At this moment, the boy is 4 years old and the sister is 12 years old. Now we know that the boy is 4 years old and the sister is 12 years old. In order to find the age of the sister when the boy is 12 years old, we need to add 8 years to the sister"|2.4936680793762207|155|4.390474557876587
finetuned|Giorgio è sia il 50esimo più alto che il 50esimo più basso della sua scuola. Quanti alunni ha la sua scuola?|"Giorgio è sia il 50esimo più alto che il 50esimo più basso della sua scuola. Quanti alunni ha la sua scuola? Consideriamo la definizione di ""più alto"" e di ""più basso"" e vediamo che l'unico modo per essere sia il 50esimo più alto che il 50esimo più basso è che Giorgio sia al 50esimo posto tra gli alunni. Infatti, se Giorgio fosse il 50esimo più alto e il 25esimo più basso, questo significherebbe che ci sono 49 alunni più alti di lui e 24 alunni più bassi di lui. Quindi la scuola dovrebbe avere 49 + 25 + 1 = 75 al"|2.4601972103118896|143|4.046277046203613
finetuned|Quale è il numero mancante nella serie: 1, 6, 3, 18, 9, ..., 27|Quale è il numero mancante nella serie: 1, 6, 3, 18, 9,..., 27 La serie è una progressione, e la differenza tra due termini è sempre 3, quindi il numero mancante è 12. La serie è 1, 6, 3, 18, 9, 12, 27 La risposta è 12. A presto, Simona. Simona Simona A presto, Simona. A presto, Simona. A presto, Simona. A presto, Simona. A presto, Simona. A presto, Simona. A presto, Simona. A presto, Simona. A presto, Simona. A presto, Simona. A presto, Simona. A presto, Simona. A presto,|2.2339775562286377|160|4.526695728302002
finetuned|Se un albero cade in una foresta e nessuno è lì per sentirlo, fa rumore?|Se un albero cade in una foresta e nessuno è lì per sentirlo, fa rumore? Sì, l’albero cade, ma la domanda è: fa rumore? Per gli scienziati, la risposta è sì, ma per molti di noi, la risposta è no, perché non ci sono testimoni per sentire il rumore. Questa è una delle più famose parodie di una paradosso, che mette in discussione il concetto di rumore e di percezione. Ma in realtà, l’albero che cade può fare un rumore, anche se non ci sono persone lì per sentire. Perché? Perché il rumore è un concetto che va oltre la percezione umana. In|3.0032715797424316|144|4.073209524154663
finetuned|Cosa puoi mantenere solo dopo averlo dato a qualcun altro?|Cosa puoi mantenere solo dopo averlo dato a qualcun altro? Cosa puoi mantenere solo dopo averlo dato a qualcun altro? Cosa puoi mantenere solo dopo averlo dato a qualcun altro? Cosa puoi mantenere solo dopo averlo dato a qualcun altro? Cosa puoi mantenere solo dopo averlo dato a qualcun altro? Cosa puoi mantenere solo dopo averlo dato a qualcun altro? Cosa puoi mantenere solo dopo averlo dato a qualcun altro? Cosa puoi mantenere solo dopo averlo dato a qualcun altro? Cosa puoi mantenere solo dopo averlo dato a qualcun altro? Cosa puoi mantenere solo dopo averlo dato a qualcun altro? Cosa puoi mantenere solo dopo averlo dato a qualcun altro? Cosa puoi mantenere solo dopo averlo dato a qualcun altro? Cosa puoi mantenere solo|1.4222657680511475|194|5.488823652267456
finetuned|Quanto pesa una tonnellata di piume rispetto a una tonnellata di mattoni?|Quanto pesa una tonnellata di piume rispetto a una tonnellata di mattoni? I piumoni sono molto leggeri e hanno un peso molto piccolo. Una tonnellata di piume quindi è molto leggera e ha un peso di circa 1.000 chilogrammi. I mattoni, invece, sono molto più pesanti. Una tonnellata di mattoni ha un peso di circa 1.000 chilogrammi. Pertanto, una tonnellata di piume è molto più leggera di una tonnellata di mattoni. Per esempio, se si hanno 1.|2.60268235206604|120|3.3968303203582764
finetuned|In un cassetto ci sono 10 paia di calzini neri e 10 paia di calzini bianchi. Qual è il numero minimo di calzini da estrarre affinché si abbia almeno un paio dello stesso colore?|In un cassetto ci sono 10 paia di calzini neri e 10 paia di calzini bianchi. Qual è il numero minimo di calzini da estrarre affinché si abbia almeno un paio dello stesso colore? Let $n$ be the number of socks we need to extract to guarantee that at least one pair of the same color is found.  Since the number of socks of each color is the same, we can find the answer by using the complementary probability.  Let $X$ be the number of socks of one color.  We want to find $n$ such that $P(X\ge1) = 1 - P(X=0) = 1 - \frac{\binom{10}{0} \binom{10}{10}}{\binom{20}{10}} = 1 - \frac{1}{\binom{20}{10}} = 1 - \frac{1}{184756} > 0.5$.  We can find $n$ by solving the inequality \|2.379521131515503|169|4.791614770889282
finetuned|Se hai 12 uova e rompi 3 di esse, quanti gruppi di 3 uova puoi ancora formare?|Se hai 12 uova e rompi 3 di esse, quanti gruppi di 3 uova puoi ancora formare? Per fare un gruppo di 3 uova, hai bisogno di 3 uova. Hai inizialmente 12 uova, poi hai rotto 3 di esse. Quindi, hai 12 - 3 = 9 uova. Per formare un gruppo di 3 uova, puoi usare 3 uova per volta. Quindi, puoi fare 3 gruppi di 3 uova. Quindi, puoi fare 2 gruppi di 3 uova. Quindi, puoi fare 1 gruppo di|2.5143043994903564|122|3.444995641708374
finetuned|Una stanza ha 4 angoli. Ogni angolo contiene un gatto e ogni gatto vede altri 3 gatti. Quanti gatti ci sono in totale?|Una stanza ha 4 angoli. Ogni angolo contiene un gatto e ogni gatto vede altri 3 gatti. Quanti gatti ci sono in totale? The answer is 7, but I want to know why. I know that the number of cats is not just 4 (the number of corners) because each cat can see 3 other cats. I also know that the number of cats is not just 7 because that would mean that each cat can see 6 other cats, which is not possible. So I am missing something. Can you please explain why the answer is 7? Thank you. The reason for the answer is that you should include the cat that is at the corner. So you should have 1 + 3 = 4 cats at each corner. So you should have 1 * 4 = 4 cats at the|3.2261321544647217|143|4.047380685806274
finetuned|È tuo ma viene usato più dagli altri. Cos'è?|È tuo ma viene usato più dagli altri. Cos'è? You are the owner of the car, but it is used by others more often. What is it? Is it a rental car? Or is it a car used by your work? Or is it a car used by your family? Please tell us the answer. Thanks. È un'auto che è stata usata da altri più spesso di quanto tu credi. Il tuo car è stato usato da altri più spesso del tuo. Il tuo car è stato usato da altri più spesso di quanto tu credi. Is it a rental car? Is it a car used by your work? Is it a car used by your family? Please tell us the answer. Thanks. È un'auto che è stata usata da altri più spesso di quanto tu credi. Il tuo car è stato usato da altri più spesso del tuo. Il tuo car è stato usato da altri più spesso di quanto tu credi. Is|2.6255505084991455|196|5.544139385223389
finetuned|Lui ne ha 2, un cittadino ne ha 4 e un umano ne ha 3. Che cosa sono?|Lui ne ha 2, un cittadino ne ha 4 e un umano ne ha 3. Che cosa sono? Translation: He has 2, a citizen has 4 and a human has 3. What are they? Answer: Hands. A baby has 2 hands, an adult citizen has 4 hands (2 hands and 2 feet) and a human has 3 hands (2 hands and 1 foot). This is a play on words, as the question does not specify what kind of hands are being referred to, and the answer is a bit of a stretch. The riddle is a classic example of|3.202512502670288|104|2.939566135406494
finetuned|Più persone mi custodiscono e meno sono al sicuro. Che cosa sono?|Più persone mi custodiscono e meno sono al sicuro. Che cosa sono? Sono le guardie del corpo. Le guardie del corpo sono persone addestrate per proteggere e difendere altre persone, come capi di stato, politici, personalità pubbliche, familiari di personaggi pubblici, ecc. Le guardie del corpo possono essere addestrate per usare la forza e la violenza in caso di necessità, ma il loro obiettivo è quello di proteggere le persone che si trovano sotto la loro guardia, senza che queste ultime siano coinvolte in conflitti|3.2229385375976562|120|3.384873867034912
finetuned|Quanti erano i piccoli indiani di Agatha Christie?|Quanti erano i piccoli indiani di Agatha Christie? Agatha Christie wrote a total of 66 detective novels, 14 short story collections, and 6 plays. In her novels, she often featured a number of characters, including the victim, suspects, and detectives. The number of characters in her novels varied greatly, depending on the specific story and the needs of the plot. Here are some examples of the number of characters in some of her most famous novels: The Murder of Roger Ackroyd: 6 characters The Murder of the Orient Express: 12 characters The ABC Murders: 10 characters The Murder of the Vicar: 7 characters The Murder of the Mysterious Stranger: 8 characters The Murder of the Mysterious Stranger (2nd edition): 9 characters The Murder of the Mysterious Stranger (3rd edition): 10 characters The Murder of the Mysterious Stranger (4th edition): 11 characters The Murder of the Mysterious Stranger (|2.318917989730835|186|5.259387731552124
finetuned|Qual è la capitale dell'Australia?|Qual è la capitale dell'Australia? La capitale dell'Australia è Canberra, che è situata nel Territorio della Capitale Australiana, una zona autonoma che si trova al centro del paese. La città è stata scelta come capitale nel 1908 e ha sostituito Melbourne, che era la capitale del paese dal 1901 al 1927. Canberra è una città relativamente piccola, con una popolazione di circa 400.000 abitanti, ma è un importante centro politico, amministrativo e culturale del paese. La sua posizione centrale e la sua architettura progettata da Walter Burley Griffin la rendono un luogo unico e fam|2.101454734802246|149|4.210979223251343
finetuned|Qual è la capitale del Canada?|Qual è la capitale del Canada? What is the capital of Canada? La capitale del Canada è Ottawa. Ottawa è una città situata nel centro del paese, nel distretto di ottawa. La sua popolazione è di circa 1,1 milioni di persone. La città è conosciuta per il suo patrimonio storico e culturale, in particolare la fortezza di Ottawa, il palazzo del Parlamento e il giardino dei giurati. La capitale è anche il luogo dove si riunisce il Parlamento del Canada e dove risiedono il primo ministro del Canada e la famiglia reale del Canada. A Ottawa si svolgono|2.807887554168701|141|3.982225179672241
finetuned|Quante corde ha una chitarra elettrica?|Quante corde ha una chitarra elettrica? A chitarra elettrica ha 6 corde. Le corde sono: E (elettrica), B, G, D, A, E (la corda più bassa). A volte le chitarre elettriche possono avere anche una corda aggiuntiva, come la corda B0, che è una corda più bassa della corda B. A presto, le chitarre elettriche con 7 corde sono diventate molto comuni, ma le chitarre|2.501613140106201|113|3.188936710357666
finetuned|A quale città appartiene il Chelsea Football Club?|A quale città appartiene il Chelsea Football Club? The Chelsea Football Club is a professional association football club based in Fulham, London, England. It plays in the Premier League, the top tier of English football. The club was founded in 1905 and has won numerous titles, including the UEFA Champions League, the UEFA Europa League, and the FIFA Club World Cup. The club is known for its blue jersey and has a large following of fans around the world. The Chelsea Football Club is also known for its rivalry with other clubs in the Premier League, such as Arsenal, Liverpool, and Manchester United. The club has a strong reputation for developing young players and has a large academy that produces talented players for the first team. The club has a strong following in the United Kingdom and has a global fan base. The club is known for its rich history and has been associated with many famous players and managers. The club|2.2518868446350098|174|4.918739557266235
finetuned|Qual è il titolo del primo film Disney?|"Qual è il titolo del primo film Disney? Il primo film della Disney è ""Snow White and the Seven Dwarfs"", uscito nel 1937. La storia è tratta dal classico fiaba della bella addormentata, scritta da Bruno Bettelheim, e fu il primo lungometraggio d'animazione di produzione. Il film è stato un grande successo e ha ricevuto una candidatura all'Oscar per il miglior film di animazione. Il titolo originale è ""Fatale alaluna"", ma in seguito il titolo è stato cambiato in ""Snow White and the Seven Dwarfs"". Il film è stato girato in Technicolor, un sistema di ripresa a"|2.724717140197754|145|4.096174955368042
finetuned|Quante strisce ci sono sulla bandiera americana?|Quante strisce ci sono sulla bandiera americana? The American flag has 13 horizontal stripes, alternating between red and white. The stripes represent the original 13 colonies. The flag also has 50 white stars, representing the 50 states of the United States. The number of stripes and the number of stars on the flag have changed over time, but the current design has been in use since 1960. (Source: The United States Flag Act of 1777 and the Flag Act of 1960) Quante strisce ci sono sulla bandiera americana? (Italian) - 13. Quante stelle ci sono sulla bandiera americana? (Italian) - 50. https://www.ushistory.org/flag/ http://www.ushistory.org/flag/50stars.htm https://www.law.cornell.edu/uscode/text/4/1 https://www.law.cornell.edu/uscode/text/4/2 https://www.law.cornell.edu/uscode/text/|1.9010056257247925|200|5.660325765609741
finetuned|Quanti giorni ci vogliono affinché la Terra orbiti attorno al Sole?|Quanti giorni ci vogliono affinché la Terra orbiti attorno al Sole? La Terra impiega circa 365,24 giorni per completare una orbita attorno al Sole. Questo è il tempo che la Terra ci mette per fare un solo giro attorno al Sole, che è il suo anno solare. A causa della sua orbita ellittica e della sua rotazione su se stessa, il tempo effettivo che la Terra impiega per completare un'orbita è di circa 365,24 giorni. A causa del fatto che la Terra non ha un anno sol|2.7946629524230957|110|3.1025454998016357
finetuned|Fino al 1923, come si chiamava la città turca di Istanbul?|Fino al 1923, come si chiamava la città turca di Istanbul? Until 1923, what was the name of the Turkish city of Istanbul? The answer is: Constantinople. In 1923, the city was officially renamed Istanbul. (Source: Wikipedia) #Istanbul #Constantinople #Turkey #History #Trivia #DidYouKnow #Wikipedia #Facts #TriviaTuesday #FunFact #Travel #TurkishHistory #CityOfWonders #WondersOfTheWorld #Architecture #HistoryBuff #LearnSomethingNew #NewFacts #Cool #Interesting #Fascinating #Awesome #Wow #DidYouKnow #Trivia #Fun #Cool #Interesting #Wikipedia #Turkey #Istanbul #Constantinople #History #Trivia #Travel #Architecture #WondersOfTheWorld #Facts #Cool #Interesting #Fascinating #Awesome #Wow #DidYouKnow #Trivia #Fun #Cool #Interesting #Wikipedia #Turkey #Istanbul #Constantinople #History #Trivia|2.659715175628662|192|5.42995285987854
finetuned|Qual è il paese più piccolo del mondo?|Qual è il paese più piccolo del mondo? Il paese più piccolo del mondo è il Vaticano, che ha un'area di circa 0,44 chilometri quadrati (0,17 miglia quadrati). Il Vaticano è anche uno dei paesi più popolati del mondo, con una popolazione di circa 800 persone. Il paese è una città-stato indipendente, con il papa come sovrano, e si trova all'interno della città di Roma, in Italia. Il|1.9208866357803345|106|2.9900104999542236
finetuned|Chi ha scritto Harry Potter?|Chi ha scritto Harry Potter? J.K. Rowling è la scrittrice che ha creato la serie di libri di Harry Potter. Nata il 31 luglio 1965 a Yate, in Inghilterra, è una scrittrice britannica, conosciuta per la sua immaginaria e fantastica creazione. I libri di Harry Potter sono stati tradotti in più di 80 lingue e hanno venduto oltre 500 milioni di copie in tutto il mondo. La serie è stata anche adattata in un film con il nome di Harry Potter, che ha raggiunto un grande successo. La Rowling ha vinto diversi premi per la sua opera, tra cui il premio Hugo, il premio Locus e il premio British Book Awards. Chi ha scritto|2.1291215419769287|169|4.774253845214844
finetuned|L’artista norvegese Edvard Munch è famoso per aver dipinto quale pezzo iconico?|"L’artista norvegese Edvard Munch è famoso per aver dipinto quale pezzo iconico? The Norwegian artist Edvard Munch is famous for having painted which iconic piece? The correct answer is: ""The Scream"". The Scream is one of the most famous works of Edvard Munch, created in 1893. It is a series of paintings that depict a figure standing on a bridge, overcome with emotion, screaming in anguish. The painting is widely regarded as an icon of existential angst and is one of the most famous and influential works of the early 20th century. (Source: Wikipedia) (Source: Wikipedia) ) ) ) ) ) ) ) ) ) ) ) ) ) ) ) ) ) ) ) ) ) ) ) ) ) ) ) ) ) ) ) ) ) ) ) ) ) ) ) ) ) ) ) ) ) ) ) ) ) ) ) ) ) ) ) ) ) ) ) ) ) ) ) ) ) )"|2.0933451652526855|176|4.981476068496704
finetuned|Dove si trova la Sagrada Familia?|Dove si trova la Sagrada Familia? La Sagrada Família è un luogo di culto cattolico situato nel quartiere Eixample di Barcellona, in Spagna. Il suo indirizzo è: Carrer de Mallorca, 401, 08013 Barcellona, Spagna La Sagrada Família è un’opera principale dell’architetto Antoni Gaudí, iniziata nel 1882 e ancora in fase di costruzione. La sua costruzione è stata interrotta nel 1926 e ripresa nel 1952, e oggi è uno dei più famosi monumenti del mondo, nonché uno dei simboli di Barcellona e della Catalogna. Come arrivare alla Sagrada Família La Sagrada Família è facilmente raggiungibile con|2.0085654258728027|171|4.836932897567749
finetuned|Qual è l'oceano più grande del mondo?|Qual è l'oceano più grande del mondo? L'oceano più grande del mondo è l'Oceano Pacifico, che copre una superficie di circa 155,6 milioni di chilometri quadrati. Ciò rappresenta circa 46% della superficie totale dell'oceano, che è di 361,8 milioni di chilometri quadrati. Il Pacifico è anche l'oceano più profondo, con un profondo di circa 11.022 metri, e la sua profondità media è di circa 3.970 metri. Il Pacifico è separato dall'oceano Atlantico dallo stretto di Bering,|1.8687074184417725|138|3.8953747749328613
finetuned|Qual è il paese più popolato della Terra?|Qual è il paese più popolato della Terra? Per il 2019, la popolazione più alta si è registrata in Cina, con 1,439 miliardi di abitanti, che corrispondono al 18% della popolazione totale del pianeta. A seguire, vi sono Stati Uniti, India, Indonesia, e il Brasile. La popolazione globale è attualmente di 7,9 miliardi di persone, e continua a crescere. Le stime delle Nazioni Unite indic|2.8013548851013184|106|2.9890966415405273
finetuned|Quante ossa ci sono nel corpo umano?|Quante ossa ci sono nel corpo umano? Il numero di ossa presenti nel corpo umano è di 206. Questo numero è stato determinato attraverso la dissezione dei cadaveri e la misura delle ossa. Le ossa sono divise in due gruppi: le ossa del cranio e le ossa del corpo. Le ossa del cranio sono 22 e sono: la calotta cranica, le ossa parietali, le ossa temporali, le ossa occipitali, la mandibola, la sinfisi, l'osso occipitale, la parte posteriore del cranio e le ossa del naso. Le ossa del corpo sono 184 e|2.2345261573791504|146|4.125231027603149
finetuned|Quante valvole ha il cuore umano?|Quante valvole ha il cuore umano? The human heart has four valves, which are responsible for regulating the flow of blood through the heart. The four valves are: 1. The tricuspid valve: This valve is located between the right atrium and the right ventricle, and it allows blood to flow from the atrium to the ventricle. It is called the tricuspid valve because it has three leaflets (flaps) that open and close to regulate the flow of blood. 2. The pulmonary valve: This valve is located between the right ventricle and the pulmonary artery, and it allows blood to flow from|1.830527424812317|122|3.441629648208618
finetuned|Come si chiama il processo attraverso il quale le piante si nutrono?|Come si chiama il processo attraverso il quale le piante si nutrono? La risposta è: FOTOSINTESI La fotosintesi è il processo attraverso il quale le piante, gli alberi e gli altri organismi viventi si nutrono di luce, acqua e anidride carbonica per produrre il loro cibo, il glucosio, e l'energia. Questo processo è fondamentale per la vita sulla Terra, poiché è attraverso la fotosintesi che le piante producono il loro cibo, e che l'energia solare viene trasformata in energia per il consumo degli organismi viventi. La fotosintesi è quindi la base della catena alimentare. [1] [2] [3] [4] [5] [6] [7] [8] [9] [10] [11] [12] [13] [14] [15] [16] [17] [18] [|1.9135559797286987|199|5.628880739212036
finetuned|Quanti elementi ci sono nella tavola periodica?|Quanti elementi ci sono nella tavola periodica? The periodic table is a tabular display of the known chemical elements, organized by their atomic number, electron configuration, and recurring chemical properties. The number of elements in the periodic table is currently 118, with the most recent addition being tennessine, which was officially recognized as an element in 2016. However, it's worth noting that the periodic table is still evolving, and new elements may be added in the future as new discoveries are made. The number of elements in the periodic table is expected to continue to grow as scientists discover and synthesize new elements. The most recent update to the periodic table was published in 2019|2.02419114112854|129|3.6382524967193604
finetuned|"Chi ha dipinto Guernica?"""|"Chi ha dipinto Guernica?"" Pablo Picasso, in his own words, said that he did not know who painted Guernica. This is a statement that has been debated and interpreted in many ways. Some have seen it as a reflection of his own sense of disconnection and alienation from the world around him, while others have seen it as a commentary on the role of the artist in society. Whatever the meaning, the painting is considered one of the most important works of the 20th century, and it continues to be celebrated for its power and its message."|3.410860300064087|109|3.0763766765594482
finetuned|Chi ha diretto Inception?|Chi ha diretto Inception? Christopher Nolan è stato il regista di Inception (2010). La sua collaborazione con la Warner Bros. ha portato alla creazione di questo film che ha ottenuto un grande successo e ha ricevuto numerose nomination ai premi. Christopher Nolan è noto per la sua direzione di film come Memento, The Dark Knight, The Dark Knight Rises, Interstellar e molti altri. Inception è stato un suo progetto personale, che ha scritto e diretto lui stesso. Il film è stato girato con un budget di 160 milioni di dollari e ha incassato oltre 825 mil|2.4697141647338867|133|3.7535183429718018
finetuned|Chi ha scritto Amleto?|Chi ha scritto Amleto? Amleto è una delle opere più famose di William Shakespeare, uno dei più grandi scrittori della letteratura inglese. Nato nel 1564, Shakespeare è stato uno dei più importanti scrittori del teatro inglese del XVI secolo. Ha scritto almeno 38 drammi, tra cui Romeo e Giulietta, A Midsummer Night's Dream, Il mercante di Venezia, Otello e molte altre opere. Gli anni di Shakespeare sono stati caratterizzati da una grande produzione letteraria, e il suo stile è stato influenzato da mol|2.4258625507354736|132|3.725839376449585
finetuned|Quale squadra ha vinto più Mondiali di calcio?|Quale squadra ha vinto più Mondiali di calcio? Fatto: La squadra che ha vinto più Mondiali di calcio è la Germania con 4 titoli: 1954, 1974, 1990, 2014. Inoltre, la Germania ha anche vinto 4 secondi posti e 4 terzi posti, il che la rende la squadra con il maggior numero di piazzamenti nel tabellone principale del campionato del mondo di calcio. La Germania è anche la squad|2.3926820755004883|108|3.0462071895599365
finetuned|Chi era il cantante dei Queen?|"Chi era il cantante dei Queen? The lead vocalist of the British rock band Queen was Freddie Mercury (1946-1991). Born Farrokh Bulsara, he was known for his powerful, wide-ranging voice and his flamboyant stage presence. Mercury was a key figure in the band's success and is widely regarded as one of the greatest rock vocalists of all time. He wrote many of the band's hit songs, including ""Bohemian Rhapsody"", ""We Will Rock You"", and ""Somebody to Love"". Mercury was also known for his androgynous appearance and his ability to connect with audiences of all ages and backgrounds. He died on November 24, 1991, at the age of 45, due to complications from AIDS. Queen has"|1.8563957214355469|153|4.321873426437378
finetuned|Quante corde ha un violino?|Quante corde ha un violino? 4, 5, 6, 7, 8, 9, 10, 11, 12, 13, 14, 15, 16, 17, 18, 19, 20, 21, 22, 23, 24, 25, 26, 27, 28, 29, 30, 31, 32, 33, 34, 35, 36, 37, 38, 39, 40, 41, 42, 43, 44, 45, 46, 47, 48, 49, 50, 51, 52, 53, 54, 55, 56, 57, 58, 59, 60, 61, 62, 63|1.3140782117843628|179|5.061681509017944
