Prompt|Answer|Perplexity|N. Token|Time
Spiega il ciclo dell'acqua in modo semplice.|Spiega il ciclo dell'acqua in modo semplice. Il ciclo dell'acqua è un processo naturale che coinvolge la trasformazione dell'acqua tra le diverse forme che assume nel nostro pianeta. Ecco una spiegazione semplice del ciclo dell'acqua:  **1. Evaporazione**: L'acqua si evapora dal mare, dai laghi, dai fiumi e dalle pi|2.5818021297454834|78|22.90647602081299
Come funziona il sistema digestivo umano?|Come funziona il sistema digestivo umano? Il sistema digestivo umano è un complesso sistema che è responsabile per la digestione e l'assimilazione dei nutrienti dalle nostre cene. Ecco come funziona: 1. Ingestione: inizia con la masticazione dei cibi, che vengono poi ingoiati e portati nello stomaco. 2. St|2.3161818981170654|79|2.1818737983703613
Qual è il significato della democrazia?|Qual è il significato della democrazia? La democrazia è un sistema di governo che si basa sull'idea che il potere deve essere detenuto dal popolo e che i leader sono eletti dal popolo. In questo sistema, i cittadini hanno il diritto di votare e di eleggere i loro rappresentanti, che poi prendono decisioni in loro nome. Il significato della democrazia è molto ampio e può|2.1335208415985107|91|2.511073589324951
Descrivi il processo di fotosintesi.|Descrivi il processo di fotosintesi. La fotosintesi è il processo mediante il quale le piante, gli alberi e gli altri organismi fotosintetici convertono l'energia solare in energia chimica, utilizzando l'acqua e il carbonio. Il processo di fotosintesi si svolge in due fasi principali: la fase di assorbimento dell'energia solare e la fase di conversione dell'energia.  Fase di assorbimento dell|2.017866849899292|100|2.7489521503448486
Che cos'è l'energia rinnovabile?|Che cos'è l'energia rinnovabile? L'energia rinnovabile è l'energia prodotta da fonti naturali che possono essere rinnovate nel tempo, come ad esempio: - Eolico: l'energia prodotta dai venti - Solare: l'energia prodotta dal sole - Idrica: l'energia prod|1.950838327407837|73|1.998671293258667
Quali sono le principali cause del cambiamento climatico?|Quali sono le principali cause del cambiamento climatico? Il cambiamento climatico è un fenomeno complesso che è causato da diversi fattori. Ecco alcune delle principali cause: 1. L'incremento delle emissioni di gas serra: le emissioni di gas serra,|2.1553239822387695|55|1.5060453414916992
Come si forma un arcobaleno?|Come si forma un arcobaleno? L'arcobaleno è un fenomeno ottico naturale che si forma quando il sole attraversa un cristallo di ghiaccio o una nube di acqua con particelle molto piccole. Questo avviene quando il sole è a un ang|2.9733970165252686|56|1.5436890125274658
Quali sono le differenze tra una cellula animale e una cellula vegetale?|Quali sono le differenze tra una cellula animale e una cellula vegetale? Le cellule animali e le cellule vegetali sono due tipi di cellule che presentano differenze strutturali e funzionali importanti. Ecco alcune delle principali differenze: 1. Membraña cellulare: Le cellule animali hanno una membrana cellulare più sottile e permeabile rispetto alle cellule vegetali, che hanno una membrana cellulare più spessa e meno permeabile.|1.7836600542068481|95|2.615642786026001
Spiega il principio di Archimede.|Spiega il principio di Archimede. Archimede was a Greek mathematician and engineer who lived in the 3rd century BC. He is considered one of the most important scientists of the ancient world. Archimede is known for his work in the fields of mathematics, physics, and engineering. He is credited with the development of the principle of buoyancy, which is named after him. The principle of Archimede states that the buoyant force exerted on an object is equal to the|1.9556946754455566|93|2.559704303741455
Qual è la funzione delle proteine nel corpo umano?|Qual è la funzione delle proteine nel corpo umano? Le proteine sono una delle quattro classi di macromolecole biologiche, insieme ai carboidrati, ai lipidi e all'acqua, che costituiscono il corpo umano. Esse sono composte da catene di aminoacidi legati tra loro da legami peptidici e svolgono diverse fun|2.040419101715088|76|2.090942859649658
Come funziona il motore a combustione interna?|Come funziona il motore a combustione interna? Il motore a combustione interna è un tipo di motore che utilizza la combustione di un combustibile (ad esempio, benzina o gasolio) all'interno di un cilindro per generare potenza. Ecco come funziona: 1. Inalazione: L'aria viene aspirata nel cilindro attraverso|1.8285642862319946|75|2.0643012523651123
Che cos'è il big bang?|"Che cos'è il big bang? Il Big Bang è l'evento cosmico che ha segnato l'inizio dell'esistenza dell'universo, avvenuto circa 13,8 miliardi di anni fa. Secondo la teoria del Big Bang, l'universo ha iniziato come un singolo punto infinitamente denso e caldo, noto come ""singolarità"", che si è espanso"|1.8798257112503052|84|2.311781406402588
Quali sono le principali tappe della rivoluzione industriale?|Quali sono le principali tappe della rivoluzione industriale? La rivoluzione industriale è un periodo storico che si sviluppò tra il XVIII e il XIX secolo in Europa e Nord America, che vide la trasformazione dell'economia e della società a causa dell'introduzione di nu|2.372858762741089|55|1.5144627094268799
"Che cosa significa il termine ""intelligenza artificiale""?"|"Che cosa significa il termine ""intelligenza artificiale""? L'intelligenza artificiale (IA) è un campo di ricerca che si occupa di creare macchine che possano imitare le funzioni cognitive umane, come ad esempio la ragione, la percezione, la memoria e la decisione. L'IA è stata definita come ""l'abilità di un sistema di eseg"|1.940907597541809|77|2.1186561584472656
Qual è l'importanza della biodiversità?|Qual è l'importanza della biodiversità? La biodiversità è un concetto che si riferisce alla varietà di specie di organismi viventi, compresi i microbi, le piante, gli animali e gli esseri umani, che esistono sulla Terra. La biodiversità è importante per molti|2.2049808502197266|61|1.6783998012542725
Spiega come funziona l'energia solare.|Spiega come funziona l'energia solare. The sun is the source of all life on Earth. It gives us light and heat, and it's the reason why we have plants, animals, and humans. But did you know that the sun's energy can also be used to generate electricity? That's right, solar energy is a type of renewable energy that uses the sun|2.5923397541046143|66|1.8167040348052979
Quali sono le principali religioni monoteiste?|Quali sono le principali religioni monoteiste? Le principali religioni monoteiste sono: 1. Ebraismo: è la religione originaria del monoteismo, fondata dal patriarca Abramo intorno al 1800 a.C. Gli ebrei credono in un unico Dio, chiamato Yahweh o Adonai, creatore dell'universo e|2.208493709564209|75|2.0641820430755615
Come si svolgono le elezioni in un sistema parlamentare?|Come si svolgono le elezioni in un sistema parlamentare? In un sistema parlamentare, le elezioni sono un processo democratico attraverso il quale i cittadini eleggono i rappresentanti che formeranno il Parlamento. Ecco i passaggi che si svolgono generalmente durante un'elezione in un sistema parlamentare: 1. **Designazione dei candidati**: I partiti politici selezionano i|2.2179744243621826|78|2.148784875869751
"Qual è il significato del termine ""globalizzazione""?"|"Qual è il significato del termine ""globalizzazione""? The term ""globalization"" refers to the increasing interconnectedness and interdependence of the world's economies, societies, and cultures, driven by advances in technology, transportation, and communication. It involves the integration of national economies into a single global economy, characterized by the free flow of goods, services, and ideas across borders.  In other words, globalization is the process by which the world becomes a single"|2.215658187866211|80|2.2042975425720215
Quali sono le cause dell'inquinamento atmosferico?|Quali sono le cause dell'inquinamento atmosferico? L'inquinamento atmosferico è un problema ambientale molto grave che può avere conseguenze negative sulla salute umana e sull'ambiente. Le cause principali dell'inquinamento atmosferico sono:  1. **Emissioni di gas di scarico**: le emissioni di gas di scarico da automobili, aerei, nave e impianti industrial|2.3420515060424805|78|2.144284963607788
Spiega la teoria dell'evoluzione di Darwin.|"Spiega la teoria dell'evoluzione di Darwin. The theory of evolution by natural selection, also known as Darwinism, is a scientific theory that explains how species change over time. It was first proposed by Charles Darwin in his book ""On the Origin of Species"" in 1859. The theory of evolution by natural selection states that all species of life have evolved over time through the process of natural selection. This process occurs because individuals with certain"|2.022799015045166|79|2.27077579498291
Qual è il ruolo dell'Unione Europea nel commercio globale?|Qual è il ruolo dell'Unione Europea nel commercio globale? The European Union (EU) plays a significant role in global trade, both as a major trading partner and as a key player in shaping international trade policies. Here are some ways in which the EU contributes to global trade:  1. **Single Market**: The EU|2.754625082015991|52|1.4351296424865723
Come si crea un buco nero?|Come si crea un buco nero? La creazione di un buco nero è un processo complesso che richiede condizioni specifiche e una quantità di materia molto elevata. Ecco i passaggi che portano alla formazione di un buco nero: 1. Formazione di una stella massiccia: Per creare un buco nero, è necessario che una stella molto|2.1153485774993896|80|2.211358070373535
Qual è la differenza tra massa e peso?|Qual è la differenza tra massa e peso? La massa e il peso sono due concetti fisici che sono spesso confusi tra loro, ma hanno significati diversi. La massa è una proprietà intrinseca di un oggetto, che misura la quantità di materia che|2.2490451335906982|51|1.4091975688934326
Quali sono le funzioni principali del Parlamento italiano?|Quali sono le funzioni principali del Parlamento italiano? Le funzioni principali del Parlamento italiano sono le seguenti: 1. Legiferazione: il Parlamento italiano ha il compito di approvare le leggi, che sono poi emanate dal Governo. Ciò significa che il Parlamento esercita il potere legislativo, che è uno dei tre poteri dello Stato, insieme al potere esecutivo e al|2.003840684890747|84|2.3168749809265137
Scrivi una storia su un astronauta che scopre un nuovo pianeta.|"Scrivi una storia su un astronauta che scopre un nuovo pianeta. Title: The Discovery of Nova Terra  As the spacecraft, Aurora, pierced through the veil of darkness, astronaut Jack Harris gazed out the window at the endless expanse of stars. He had been on this mission for months, searching for signs of life beyond Earth. The crew had been working tirelessly to scan the cosmos for any hint of activity, and finally, they had received a signal.  ""Captain, we're picking up a reading on a planet in the And"|2.820903778076172|94|2.5950005054473877
"Inventa una fiaba che inizi con ""C'era una volta un castello incantato...""."|"Inventa una fiaba che inizi con ""C'era una volta un castello incantato..."". C'era una volta un castello incantato, circondato da un parco rigoglioso e un fiume che scorreva argentato. Era il luogo dove viveva una principessa bellissima, con capelli d'oro e occhi di s"|3.992835760116577|60|1.6567120552062988
Raccontami una barzelletta su un programmatore.|"Raccontami una barzelletta su un programmatore. A programmatore walks into a bar and orders a beer. As he's sipping his drink, he hears a voice say, ""Nice tie!"" He looks around, but there's nobody nearby who could have said it. A few minutes later, he hears, ""Beautiful shirt!"" Again, he looks around, but there's nobody nearby who could have said it. He asks the bartender, ""Did you hear those voices?"" The bartender replies, ""Oh, that's just the peanuts."|1.5828442573547363|100|2.7616751194000244
Scrivi un dialogo immaginario tra un cane e un gatto che discutono di filosofia.|Scrivi un dialogo immaginario tra un cane e un gatto che discutono di filosofia. Canine: Hey, Whiskers. I've been thinking a lot about the meaning of life lately. Feline: *stretches languidly* Oh? And what conclusions have you drawn, dear canine? Canine: Well, I've been thinking that life is all about chasing your tail. You know, pursuing your passions and living in the moment. Feline: *raises an eyebrow|2.6225268840789795|82|2.2603328227996826
Descrivi una giornata nella vita di una formica canterina.|Descrivi una giornata nella vita di una formica canterina. La mia giornata inizia all'alba, quando il sole inizia a sorgere sulle colline. Mi alzo dal mio nido, un piccolo buco nella terra, e mi stendo per estendere le mie zampe. La mia|3.792377233505249|55|1.5168869495391846
Inventati una ricetta insolita usando solo tre ingredienti: cioccolato, olio e senape.|Inventati una ricetta insolita usando solo tre ingredienti: cioccolato, olio e senape. Create an unusual recipe using only three ingredients: chocolate, oil, and mustard. Here's a recipe that combines the richness of chocolate with the creaminess of oil and the pungency of mustard:  **Chocolate Mustard Truffles**  Ingredients:  * 1 cup dark chocolate chips * 1/4 cup oil (such as olive or grapeseed) * 2 tablespoons whole-grain mustard  Instructions:  1. Melt the chocolate chips in a double boiler or in the microwave|3.2557029724121094|99|2.7300050258636475
Scrivi una poesia sulla fine dell'estate.|Scrivi una poesia sulla fine dell'estate. The sun sets slow and low, As summer's warmth begins to go, The days grow short, the nights grow cold, And autumn's chill begins to unfold.  The leaves, they start to turn, From green to gold, from green to burn, The trees|3.2203221321105957|53|1.4633231163024902
Racconta una storia di un bambino che può volare, ma solo di notte.|Racconta una storia di un bambino che può volare, ma solo di notte. Once upon a time, there was a boy named Leo who lived in a small village surrounded by a vast, dark forest. Leo was a peculiar child, with eyes that sparkled like the stars and hair that shone like the moon. But what made Leo truly|2.9705777168273926|53|1.462277889251709
Inventa una conversazione tra Frankenstein e il suo creatore, in cui il mostro chiede di poter amare.|Inventa una conversazione tra Frankenstein e il suo creatore, in cui il mostro chiede di poter amare. Frankenstein: Maestro, ho pensato molto su ciò che hai creato e ho deciso di chiederti una cosa importante. Vitruvio: Ah, Frankenstein, cosa desideri sapere? Frankenstein: Vorrei sapere se posso am|4.416658401489258|57|1.5727109909057617
Scrivi una lettera dal futuro descrivendo il mondo.|Scrivi una lettera dal futuro descrivendo il mondo. Dear friend,  I hope this letter finds you well. As I sit down to write to you, I am filled with a mix of emotions - excitement, nostalgia, and a hint of sadness. You see, I am writing to you from the future, and as I look back on the journey that has brought us to this moment, I am filled with a sense|3.152761459350586|73|2.012747049331665
Descrivi una città sottomarina e come vivono i suoi abitanti.|Descrivi una città sottomarina e come vivono i suoi abitanti. La città sottomarina chiamata Aquaria è situata a circa 50 metri di profondità sull'oceano. È una città moderna e tecnologica, con edifici in vetro e acciaio che si ergono dalle rocce del fondale marino. Gli abitanti di Aquaria sono una specie di pesci che|2.6639797687530518|82|2.2601027488708496
Crea una storia in cui il protagonista può fermare il tempo quando vuole.|Crea una storia in cui il protagonista può fermare il tempo quando vuole. Un giorno, il protagonista, un giovane di nome Max, scopre che ha il potere di fermare il tempo quando vuole. È un'abilità unica e misteriosa che gli consente di arrestare il flusso del tempo, permettendogli di muoversi liberamente nel mondo senza essere disturbato dalle altre persone.  Max è estasiato dalla sua nuova abilità|2.9748432636260986|88|2.425916910171509
Scrivi una canzone su un viaggio attraverso il deserto.|Scrivi una canzone su un viaggio attraverso il deserto. (Write a song about a journey through the desert)  Verse 1: We set out under the scorching sun With a map and a compass, our journey had just begun The dunes stretched out before us, endless and bright We walked|4.328266620635986|52|1.4323625564575195
Racconta una leggenda su una montagna che cambia forma ogni 100 anni.|Racconta una leggenda su una montagna che cambia forma ogni 100 anni. La leggenda racconta che sulla montagna ci fosse un essere mistico, un dio della natura, che ogni 100 anni cambia forma per mantenere l'equilibrio tra le forze della natura. La montagna era|3.7143807411193848|53|1.461430549621582
Descrivi un dialogo tra un albero millenario e un pastore.|Descrivi un dialogo tra un albero millenario e un pastore. L'albero: -Ah, buona sera, pastore. Come va?  Il pastore: -Ah, buona sera, albero. Sto bene, grazie. E tu?  L'albero: -Sto bene anch'io. Ho visto moltissime cose nel corso dei secoli. E tu, cosa fai qui?  Il past|3.795422315597534|75|2.0667245388031006
Scrivi un racconto in cui tutti i giocattoli prendono vita durante la notte.|Scrivi un racconto in cui tutti i giocattoli prendono vita durante la notte. As the clock struck midnight, the toys in the nursery began to stir. At first, it was just a slight movement, a twitch of a limb or a flicker of an eye. But as the minutes ticked by, the toys became more and more restless.  The teddy bear, Mr. Whiskers, was the first to fully awaken. He stretched his stuffed arms and yawned|2.849999189376831|81|2.232570171356201
Immagina una conversazione tra un vecchio libro di storia e un tablet moderno.|"Immagina una conversazione tra un vecchio libro di storia e un tablet moderno. Il vecchio libro di storia: ""Ah, sei un tablet moderno, vero? Hai visto il mondo cambiare in fretta, non è vero?""  Il tablet moderno: ""Sì, è vero. Il mondo è cambiato molto rapidamente. Ma non"|3.8042232990264893|55|1.516223669052124
Inventa una favola in cui il sole e la luna sono amici che si incontrano di nascosto.|Inventa una favola in cui il sole e la luna sono amici che si incontrano di nascosto. The sun and the moon, they were the best of friends, despite being on opposite sides of the world. They would often sneak away from their duties to meet in secret, away from prying eyes.  One day, the sun had an idea.|4.789431095123291|50|1.3787317276000977
Scrivi un racconto ambientato in una città dove le persone comunicano solo attraverso la musica.|Scrivi un racconto ambientato in una città dove le persone comunicano solo attraverso la musica. La città di Harmonia era un luogo unico nel suo genere, dove la musica era l'unica forma di comunicazione. Da quando il fondatore della città, il maestro musicista Maestro Melodia, aveva deciso di creare un luogo dove la musica fosse l|3.309741973876953|62|1.710198163986206
Descrivi l'avventura di una stella cadente che cerca di tornare in cielo.|Descrivi l'avventura di una stella cadente che cerca di tornare in cielo. The star fell from the sky, its light flickering as it plummeted towards the earth. It was a lonely and desperate journey, for the star knew that it was meant to shine brightly in the heavens, not to burn out in the darkness of the world below.  As it fell, the star saw the world in a new light. It saw the beauty of the mountains, the vastness|3.219694137573242|79|2.177299976348877
Inventa una storia in cui i sogni delle persone diventano realtà ogni venerdì.|"Inventa una storia in cui i sogni delle persone diventano realtà ogni venerdì. La storia si svolge in una città chiamata Somnium, dove ogni venerdì notte, i sogni delle persone diventano realtà. La città è governata da un consiglio di anziani, noti come i ""Sognatori"", che hanno il compito di gestire le conseguenze dei sogni realizzati.  La storia segue la storia di una ragazza di nome Aria"|3.216992139816284|91|2.5052239894866943
Scrivi un dialogo tra un ombrello e un paio di stivali durante una giornata di pioggia.|Scrivi un dialogo tra un ombrello e un paio di stivali durante una giornata di pioggia. Title: A Rainy Day Conversation Characters: An umbrella and a pair of boots Setting: A rainy day on the streets  (The umbrella and the boots are standing under a awning, trying to stay dry)  Umbrella: Ugh, I hate days like this. I'm just so... soggy.  Boots: Ah,|4.492410182952881|70|1.929668664932251
Racconta la vita di un pittore che dipinge con i colori delle emozioni.|Racconta la vita di un pittore che dipinge con i colori delle emozioni. I colori della vita is a short film that tells the story of a painter who uses the colors of his emotions to create his art. The film is a beautiful and moving exploration of the connection between art and emotion, and the ways in which our emotions can inspire and guide our creativity. The film follows the painter, a man in|3.265463352203369|67|1.8465404510498047
Scrivi una storia su una macchina del tempo che può viaggiare solo nel passato di una sola persona.|"Scrivi una storia su una macchina del tempo che può viaggiare solo nel passato di una sola persona. La macchina del tempo, chiamata ""Chrono"", era stata creata da un genio della fisica, il dottor Lee, che aveva speso tutta la sua vita a studiare e a sperimentare per creare un dispositivo in grado"|2.9506936073303223|56|1.5452296733856201
Inventa una storia in cui ogni persona ha un'ombra che vive di vita propria.|Inventa una storia in cui ogni persona ha un'ombra che vive di vita propria. In this world, every person has a shadow that lives its own life. The shadow is a physical manifestation of the person's darker half, and it is said that it can take on a life of its own if it is not kept in check.  The story follows a young woman named Aria, who has always been fascinated by the shadows that surround her. She has always felt|3.815984010696411|76|2.096022605895996
Come cambio la ruota bucata a una bicicletta?|Come cambio la ruota bucata a una bicicletta? Come cambio la ruota bucata a una bicicletta? La ruota bucata è un problema comune per molti ciclisti, ma non è difficile risolvere. Ecco i passaggi per cambiare la ruota bucata a una bicicletta: 1. Trova un luogo sicuro: Trova un luogo piano e sicuro|2.715622663497925|78|2.1518239974975586
Quali sono i passaggi per installare Python su Windows?|"Quali sono i passaggi per installare Python su Windows? There are several ways to install Python on Windows, but the most common method is to download and install the official Python installer from the Python.org website. Here are the steps:  1. Go to the Python.org website and click on the ""Download"" button. 2. Select the ""Windows"" option and choose"|2.509239673614502|62|1.7101366519927979
Spiegami come disinfettare una ferita.|Spiegami come disinfettare una ferita. Come disinfettare una ferita. La disinfezione di una ferita è un passaggio importante nel processo di cura per evitare l'infezione e favorire la guarigione. Ecco alcuni passaggi semplici per disinfettare una ferita: 1. Pulire la ferita|3.7581889629364014|67|1.8484153747558594
Come posso collegare il mio computer a una stampante Wi-Fi?|"Come posso collegare il mio computer a una stampante Wi-Fi? There are several ways to connect your computer to a Wi-Fi printer, depending on the type of printer and operating system you are using. Here are some general steps you can follow:  **For Windows users:**  1. Make sure your printer is connected to the same Wi-Fi network as your computer. 2. Go to the ""Devices and Printers"|2.624804973602295|70|1.929762840270996
Descrivi come creare una presentazione in PowerPoint.|Descrivi come creare una presentazione in PowerPoint. The following steps will guide you on how to create a presentation in PowerPoint:  Step 1: Open PowerPoint -----------------------  * Launch PowerPoint on your computer. * If you have multiple versions of PowerPoint installed, select the version you want to use.  Step 2: Choose a Template -------------------------  * Click|4.324757099151611|61|1.6825170516967773
Quali sono i passaggi per aggiornare un sito web?|Quali sono i passaggi per aggiornare un sito web? Aggiornare un sito web può essere un compito complesso, ma seguendo alcuni passaggi specifici, puoi garantire che il tuo sito rimanga sempre aggiornato e attuale. Ecco i passaggi per aggiornare un sito web: 1. Identificare le esigen|2.555405616760254|64|1.7635931968688965
Come si effettua una ricerca per immagini su Google?|Come si effettua una ricerca per immagini su Google? Come si effettua una ricerca per immagini su Google? Per effettuare una ricerca per immagini su Google, segui questi passaggi: 1. Apri il browser web Google Chrome o Mozilla Firefox e visita il sito web di Google Images (images.google.com). 2. Nella barra di ricerca, dig|2.5620315074920654|67|1.8450415134429932
Qual è il modo migliore per organizzare una cartella di lavoro in Excel?|Qual è il modo migliore per organizzare una cartella di lavoro in Excel? Organizzare una cartella di lavoro in Excel è fondamentale per garantire la gestione efficace dei dati e la velocità di lavoro. Ecco alcuni consigli per aiutarti a organizzare la tua cartella di lavoro in Excel: 1. **Struttura di cartelle**: crea una struttura di cartelle all'interno della cartella di lavoro, ad esempio:|2.768564462661743|84|2.3117401599884033
Come posso creare un account su LinkedIn?|"Come posso creare un account su LinkedIn? Per creare un account su LinkedIn, segui questi passaggi: 1. Apri il browser web e visita il sito web di LinkedIn (linkedin.com). 2. Clicca sul bottone ""Sign up"" (Registrati) nella parte superiore della pagina. 3. Scegli la tua opzione di registrazione: 	* Se sei un nuovo utente, clicca su ""Join now"" (Unisciti ora). 	* Se hai già un"|2.222191333770752|95|2.6145918369293213
Quali passaggi devo seguire per fare un ritratto?|Quali passaggi devo seguire per fare un ritratto? There are many ways to create a portrait, but here are some general steps you can follow to help you get started:  1. Choose a subject: Decide who you want to paint or draw. It could be a family member, a friend, a historical figure, or even yourself. 2. Gather reference materials: Collect any reference materials you can find that will help you get a better understanding of|2.6584722995758057|79|2.174844264984131
Quali sono i passaggi per preparare una relazione in formato PDF?|Quali sono i passaggi per preparare una relazione in formato PDF? Per preparare una relazione in formato PDF, è necessario seguire i seguenti passaggi:  1. **Scegliere il tipo di relazione**: prima di iniziare a creare la relazione, è importante decidere il tipo di contenuto che si vuole presentare. Ad esempio, potrebbe essere un rapporto|2.8092663288116455|74|2.0373263359069824
Quando è meglio innaffiare le pinate durante il giorno?|Quando è meglio innaffiare le pinate durante il giorno? When is it better to water pines during the day? Pines are evergreen conifers that require regular watering, especially during their first year of growth. However, it's essential to water them at the right time to avoid wasting water and promote healthy growth. Watering pines during the day can be beneficial, but it's not always the best option. Here's when|2.90061616897583|76|2.0932955741882324
Spiegami come sincronizzare i dati tra un iPad e un Mac.|Spiegami come sincronizzare i dati tra un iPad e un Mac. Sincronizzare i dati tra un iPad e un Mac è un'operazione molto comune e facile da eseguire, grazie alle funzionalità di iCloud e iTunes. In questo articolo, ti mostrerò come sincronizzare i dati tra i tuoi dispositivi. Sincronizzare i dati con iCloud Per sincronizzare i dati tra un iPad e un Mac utilizzando iCloud|3.266324758529663|86|2.3685648441314697
Quali sono le migliori pratiche per creare una password sicura?|Quali sono le migliori pratiche per creare una password sicura? Per creare una password sicura, è importante seguire alcune regole e best practice. Ecco alcune delle migliori pratiche per creare una password sicura: 1. Utilizzare una combinazione di caratteri: La password deve contenere una combinazione di caratteri, tra cui lettere maiuscole e minuscole, numeri e simb|2.153826951980591|75|2.0656802654266357
Come si fa a comprimere un file in formato ZIP?|"Come si fa a comprimere un file in formato ZIP? There are several ways to compress a file in ZIP format. Here are a few:  1. Using the built-in ZIP compression tool in Windows: 	* Right-click on the file you want to compress. 	* Select ""Send to"" and then ""Com"|2.9057090282440186|52|1.4318835735321045
Come posso monitorare l'utilizzo della memoria su un computer?|Come posso monitorare l'utilizzo della memoria su un computer? Il monitoraggio dell'utilizzo della memoria su un computer è un'operazione fondamentale per identificare problemi di performance e ottimizzare l'utilizzo delle risorse hardware. Ecco alcune strategie per monitorare l'utilizzo della memoria su un computer: 1. Utilizzare il Task|3.0269553661346436|63|1.734621524810791
Dove mi conviene alloggiare per un viaggio al Polo Nord?|Dove mi conviene alloggiare per un viaggio al Polo Nord? There are several options for accommodations near the North Pole, depending on your budget, preferences, and the type of experience you're looking for. Here are a few options to consider:  1. **Longyearbyen, Svalbard**: This is the largest settlement in the Arctic Circle and is located on the Norwegian island of Svalbard. It's a great base for exploring the Arctic|3.1127138137817383|78|2.1485090255737305
Come fare copia e incolla da Google a Word senza formattazione del testo?|Come fare copia e incolla da Google a Word senza formattazione del testo? Come fare copia e incolla da Google a Word senza formattazione del testo? Ecco alcune soluzioni per copiare e incollare testo da Google a Word senza mantenere la formattazione originale: 1. Utilizza il tasto Ctrl + Shift + V (o Command + Shift + V su Mac) per aprire il menu|3.125979423522949|76|2.0914549827575684
Spiegami come trasferire dati da un vecchio telefono Android a uno nuovo.|Spiegami come trasferire dati da un vecchio telefono Android a uno nuovo. Spiegami come trasferire dati da un vecchio telefono Android a uno nuovo. La procedura per trasferire dati da un vecchio telefono Android a uno nuovo dipende dal tipo di telefono e dal sistema operativo installato. Ecco alcune opzioni comuni: 1. Utilizzo di Google Drive: Se ent|3.6254234313964844|68|1.8717329502105713
Chi chiamo se perdo il portafogli?|"Chi chiamo se perdo il portafogli? Title Chi chiamo se perdo il portafogli? Alternative Title Who do I call if I lose my wallet? Creator Italian Language and Culture Program, University of Minnesota Publisher University of Minnesota, Italian Language and Culture Program Date 2015-02-26 Subject Italian language; Italian culture; Language learning; Study abroad; Italian phrases; Vocabulary; Pronunciation; Grammar; Language instruction Description This video is part of the Italian Language and Culture Program's ""Italian in Action"""|4.601111888885498|100|2.7517826557159424
Come posso aggiungere un nuovo contatto alla mia rubrica su Gmail?|"Come posso aggiungere un nuovo contatto alla mia rubrica su Gmail? Per aggiungere un nuovo contatto alla tua rubrica su Gmail, puoi seguire i seguenti passaggi: 1. Accedi al tuo account Gmail e fai clic sul pulsante ""Contatti"" nella barra di navigazione. 2. Clicca"|2.6889359951019287|57|1.5698089599609375
Spiegami come completare il cubo di Rubik.|Spiegami come completare il cubo di Rubik. Spiegami come completare il cubo di Rubik. Spiegami come completare il cubo di Rubik. Spiegami come completare il cubo di Rubik. Spiegami come completare il cubo di Rubik. Spiegami come completare il cubo di Rubik. Spiegami come completare il cubo di Rubik. Spiegami come completare il cubo di Rubik. Spiegami come|2.096207618713379|95|2.613818645477295
Come si cucinano le zucchine sott'olio?|Come si cucinano le zucchine sott'olio? Come si cucinano le zucchine sott'olio? Le zucchine sott'olio sono un prodotto tipico della cucina italiana, ottenuto mediante il processo di conservazione delle zucchine in olio d'ol|2.8362579345703125|52|1.4317560195922852
Come riparo un rubinetto che perde?|Come riparo un rubinetto che perde? Come riparo un rubinetto che perde? I rubinetti che perdono sono un problema comune in molti ambienti domestici e commerciali. La perdita di acqua può causare problemi di tipo economico e ambientale, nonché aumentare il rischio di danni strutturali. Ecco alcuni passaggi per riparare un rubinetto che per|2.6694228649139404|83|2.286377429962158
Come posso scansionare un documento usando il mio smartphone?|Come posso scansionare un documento usando il mio smartphone? There are several ways to scan a document using your smartphone. Here are a few options:  1. Use a document scanning app: There are many document scanning apps available for smartphones, such as CamScanner, Scanbot, and Genius Scan. These apps allow you to take a photo of the document and then edit and save it as a PDF or JPEG file|2.426815986633301|71|1.9567806720733643
Come cambio la configurazione dei nodi nella partizione?|Come cambio la configurazione dei nodi nella partizione? How do I change the configuration of nodes in the partition? To change the configuration of nodes in the partition, you can use the `alter partition` statement. This statement allows you to modify the partitioning scheme, including the number of nodes, the node IDs, and the node types. Here is an example of how to use the|3.7297017574310303|67|1.8457911014556885
È possibile sfruttare i nodi in maniera più efficae nella stessa simulazione?|È possibile sfruttare i nodi in maniera più efficae nella stessa simulazione? Sì, è possibile sfruttare i nodi in maniera più efficace nella stessa simulazione. Ci sono diverse strategie che puoi utilizzare per ottimizzare l'utilizzo dei nodi:  1. **Scegliere i nodi più adatti**: Scegli i nodi che hanno le caratter|3.7738630771636963|69|1.8989126682281494
Perché vengo rimosso dalla newsletter senza averlo richiesto?|Perché vengo rimosso dalla newsletter senza averlo richiesto? I am removed from the newsletter without having requested it. Why? I am a subscriber to a newsletter and I have not requested to be removed from it. Despite this, I have been removed from the newsletter and I do not know why. I have checked my email settings and I have not made any changes to my subscription. I have also checked my spam folder and I have not received any notifications or emails from the newsletter that|3.434729814529419|85|2.336812973022461
È possibile che ci siano dei rallentamenti su GPFS?|È possibile che ci siano dei rallentamenti su GPFS? Sì, ci sono diverse ragioni per cui potrebbe esserci un rallentamento su GPFS. Ecco alcune possibili cause: 1. **Overload del sistema**: Se il sistema è sottoposto a un carico eccessivo, potrebbe essere difficile gestire il traffico di dati e le richieste di access|3.701808452606201|73|2.0096023082733154
Puoi illustrare i costi e le modalita’ d’uso del cluster a CINECA?|Puoi illustrare i costi e le modalita’ d’uso del cluster a CINECA? The CINECA cluster is a shared infrastructure available to the research community, and the costs and usage modalities are defined by the CINECA organization. Here is a general overview:  **Costs:**  * Access to the CINECA cluster is free for researchers affiliated with Italian universities and research|5.524849891662598|60|1.6507515907287598
Perché Leonardo non risponde ai comandi ssh?|Perché Leonardo non risponde ai comandi ssh? Perché, quando uso ssh per connettermi a un server remoto, non ricevo risposte ai comandi che invio? In generale, i comandi che invio non sono eseguiti e non ricevo risposte. In generale, ci sono diverse possibili cause per questo problema. Ecco alcune delle più comuni: 1|4.1349663734436035|78|2.1481845378875732
Vorri aumentare di 2GB il valore della RAM del mio progetto.|Vorri aumentare di 2GB il valore della RAM del mio progetto. The Vorris, an ancient and powerful being, has taken notice of your progress. It has decided to grant you a gift, increasing your RAM by 2GB. Your current RAM: 4GB → 6GB The Vorris' blessing has also granted you a temporary boost to your processing power. For the next 30 minutes, your|5.502633571624756|71|1.9601266384124756
Desidero vedere il saldo rimanente per il mio progetto|"Desidero vedere il saldo rimanente per il mio progetto I'd like to see the remaining balance for my project.  **Please note that you can view the remaining balance for your project by logging into your account and checking the project's financial details.**  To do this, follow these steps:  1. Log in to your account using your username and password. 2. Click on the ""Projects"" tab. 3. Find your project in the list and click on it. 4. Click on the ""Financials"" tab."|3.1272740364074707|94|2.585287094116211
Come installo la libreria pandas su Marconi?|Come installo la libreria pandas su Marconi? ================  La libreria pandas è un pacchetto Python che offre funzionalità per lavorare con dati strutturati e semistrutturati. Ecco come installarla su Marconi:  ### Installazione tramite pip ``` pip install pandas ``` Se non hai installato pip, puoi farlo scaricando e|4.780453205108643|75|2.064497947692871
Cosa fare in caso di node failure?|Cosa fare in caso di node failure? Se un nodo del cluster viene a mancare (ad esempio, a causa di un problema hardware), è importante agire rapidamente per minimizzare gli effetti sulla disponibilità e sulla sicurezza del sistema. Ecco alcune strategie per gestire un node failure: 1. **Rilevazione del problema**: Utilizzare strumenti di monitoraggio e di rilevazione di problemi (ad esempio, Nag|2.868356227874756|93|2.5582892894744873
"Come creo un progetto chiamato ""Test"""|"Come creo un progetto chiamato ""Test"" ===============================  Per creare un progetto chiamato ""Test"" in Visual Studio, segui questi passaggi:  1. Apri Visual Studio e fai clic sul pulsante ""File"" nel menu superiore. 2. Scegli ""Nuovo"" > ""Progetto"" dal menu a discesa. 3. Nella finestra ""Nu"|3.0696702003479004|75|2.065812349319458
Ho sottomesso un job, ma è ancora in coda. Cosa si può fare?|Ho sottomesso un job, ma è ancora in coda. Cosa si può fare? If your job is still in the queue, there are a few things you can do to try to get it processed faster:  1. **Check the status of your job**: Go to the [AWS Batch console](https://console.aws.amazon.com/batch/) and check the status of your job. If it's still in the queue, it may be waiting for resources to become available. 2. **Check the|3.1729395389556885|83|2.2832324504852295
Illustra la procedura per resettare la passowrd su Marconi|"Illustra la procedura per resettare la passowrd su Marconi ================  **Step 1: Accedi all'interfaccia di accesso a Marconi**  * Apri un browser e digitare l'indirizzo IP o il nome del dominio di Marconi (ad esempio, `http://marconi.example.com`). * Inserire le credenziali di accesso (nome utente e password).  **Step 2: Clicca sul pulsante ""Forgot Password""**  * Seleziona il"|3.8130991458892822|98|2.696823835372925
Come abilito una persona all'utilizzo di Galileo?|Come abilito una persona all'utilizzo di Galileo? Galileo is a digital platform designed to support the learning process of students with disabilities. To enable a person to use Galileo, you need to follow these steps:  1. **Create an account**: Go to the Galileo website and create an account by filling out the registration form. You will need to provide some basic information such as|3.830693006515503|67|1.8437891006469727
Nomina alcuni pacchetti python.|Nomina alcuni pacchetti python. ``` pip install numpy pip install pandas pip install matplotlib pip install scikit-learn pip install tensorflow pip install keras ```  Ecco alcuni esempi di come utilizzare questi pacchetti:  **NumPy** ```python import numpy as np  # Creare|6.786782741546631|61|1.677769422531128
"Cosa indica l'errore ""Batch job submission failed""?"|"Cosa indica l'errore ""Batch job submission failed""? L'errore ""Batch job submission failed"" può essere causato da diversi motivi, tra cui: 1. **File di configurazione errati**: Assicurati che il file di configurazione del job batch sia correttamente formato e che tutti i campi siano compilati correttamente. 2. **Accessi non autorizz"|3.0876259803771973|73|2.008418321609497
Perché i job rimangono interi giorni in coda?|Perché i job rimangono interi giorni in coda? Perché i job rimangono interi giorni in coda? La coda dei job è un problema comune che molti di noi hanno sperimentato almeno una volta. Ci sono molte ragioni per cui i job possono rimanere in coda per giorni, ma qui ne elenchiamo alcune delle più comuni: 1. **Carico eccessivo**: Se il servizio di job processing è soggetto a un carico e|3.0749003887176514|95|2.614114999771118
Cosa è il wall time a Cineca?|Cosa è il wall time a Cineca? Il wall time è il tempo che un sistema di elaborazione dati (come ad esempio un cluster di calcolatori) impiega per eseguire un compito specifico. In generale, il wall time è il tempo re|4.402754783630371|50|1.3777480125427246
Come contatto l'Help Desk?|"Come contatto l'Help Desk? Per contattare l'Help Desk, puoi utilizzare i seguenti canali: - Email: [helpdesk@...] (inserisci il tuo problema o domanda nel corpo del messaggio) - Chat: clicca sul pulsante ""Chatta con noi"" presente nella sezione ""Aiuto"" del sito - Tel.: +39 02 36"|3.8724210262298584|78|2.146214485168457
Come riattivo un account sospeso per inutilizzo?|Come riattivo un account sospeso per inutilizzo? Se il tuo account è stato sospeso per inutilizzo, potrai riattivarlo seguendo i passaggi seguenti:  1. Controlla il motivo del blocco: prima di procedere, assicurati di comprendere il motivo per cui il tuo account è stato|3.6319687366485596|61|1.6781063079833984
Parlami delle funzioni di UserDB.|Parlami delle funzioni di UserDB. UserDB is a database that stores user information and is used by various applications and services within the company. It is a centralized database that provides a single source of truth for user information, making it easier to manage and maintain user data across different applications and services. UserDB is designed to be highly scalable and flexible, allowing it to accommodate a large number of users and a wide range of user information. It is also|3.4408159255981445|83|2.284205913543701
Crea uno script sbatch di esempio.|Crea uno script sbatch di esempio. In questo esempio, il nome del file è `example.sbatch` e il contenuto è il seguente: ```bash #!/bin/bash  #SBATCH --job-name=my_job #SBATCH --output=my_job_%j.out #SBATCH --error=my_job_%j.err #SBATCH --time=00:10:00 #SBATCH --nodes=1 #SBATCH --ntasks=1 #SBATCH --cpus-per-task=4  module load intel-mpi|2.973801612854004|95|2.6142945289611816
Come ottenguo i permessi sudo?|Come ottenguo i permessi sudo? =====================================================  Per ottenere i permessi sudo, puoi eseguire i seguenti passaggi:  1.  Apri il terminale o la finestra di comando. 2.  Digita `sudo` seguito da un comando, ad esempio `sudo ls -l` per visualizzare il contenuto del tuo sistema operativo|4.572610378265381|75|2.0651729106903076
Comunica la chiusura del ticket.|Comunica la chiusura del ticket. The ticket is closed, the matter is resolved. The ticket is closed, the issue is resolved. The ticket is closed, the problem is solved. The ticket is closed, the solution is implemented. The ticket is closed, the issue is fixed. The ticket is closed, the problem is resolved. The ticket is closed, the solution is implemented. The ticket is closed, the issue is fixed. The ticket is closed, the problem is|2.426042079925537|88|2.4251489639282227
Come faccio l'accesso a Marconi?|Come faccio l'accesso a Marconi? (How do I access Marconi?) If you are referring to the Marconi Wireless Telegraph Company, which was a pioneering company in the field of wireless telegraphy, it is no longer possible to access it as it was a historical company that ceased to exist many years ago. However, if you are referring to the Marconi company that is still in existence today, it is likely that you are referring to the company that|3.035155773162842|85|2.340320348739624
